bytes,content-type,elapsed,endpoint,resource,status,entry-date,start-date,end-date
1327574,application/zip,0.872,2da2e306ec5bde3853000dd2b73a3c792c8e6f9009e4448b83510d1acbfc8ad6,636ac78dd9a11bc5360057135ec930f8a824639d57b44ce51e0f94e993f00a1b,200,2020-12-22T17:35:33.434128,,
833212,application/xml,0.766,201c08f03d060f21f71bc93e64b7b166a6e2f34ccb772d19fbf2e3ec2084cdeb,e0e677513b57e1a5bf2cf9f656843222f31b99e9bb1d9e660bccb41d37d321d2,200,2020-12-23T17:12:36.545044,,
1327574,application/zip,0.876,2da2e306ec5bde3853000dd2b73a3c792c8e6f9009e4448b83510d1acbfc8ad6,636ac78dd9a11bc5360057135ec930f8a824639d57b44ce51e0f94e993f00a1b,200,2020-12-23T15:28:18.338158,,
833212,application/xml,4.915,201c08f03d060f21f71bc93e64b7b166a6e2f34ccb772d19fbf2e3ec2084cdeb,ff4a3a3d3410a5bea3b8c7e3ecd247ec145bf739109df5aaa7cb0caad5925967,200,2020-12-24T00:12:03.538215,,
1327574,application/zip,1.378,2da2e306ec5bde3853000dd2b73a3c792c8e6f9009e4448b83510d1acbfc8ad6,636ac78dd9a11bc5360057135ec930f8a824639d57b44ce51e0f94e993f00a1b,200,2020-12-24T00:12:03.538215,,
833212,application/xml,25.895,201c08f03d060f21f71bc93e64b7b166a6e2f34ccb772d19fbf2e3ec2084cdeb,a2fb8116661a3a11f9610b459bd8f3b5935aac492c3014f18ea8feb9e7e1b9a6,200,2020-12-25T00:09:19.855822,,
1327574,application/zip,1.398,2da2e306ec5bde3853000dd2b73a3c792c8e6f9009e4448b83510d1acbfc8ad6,636ac78dd9a11bc5360057135ec930f8a824639d57b44ce51e0f94e993f00a1b,200,2020-12-25T00:09:19.855822,,
833212,application/xml,25.957,201c08f03d060f21f71bc93e64b7b166a6e2f34ccb772d19fbf2e3ec2084cdeb,d5568cac371393d687e3406549e75523bf1472b26b244104970029560b574610,200,2020-12-26T00:07:41.291576,,
1327574,application/zip,1.403,2da2e306ec5bde3853000dd2b73a3c792c8e6f9009e4448b83510d1acbfc8ad6,636ac78dd9a11bc5360057135ec930f8a824639d57b44ce51e0f94e993f00a1b,200,2020-12-26T00:07:41.291576,,
833212,application/xml,4.891,201c08f03d060f21f71bc93e64b7b166a6e2f34ccb772d19fbf2e3ec2084cdeb,76c607daa1d7cefac0f5ec07fddaa2207adf20bfc3c7f030836f3cd6dd239c9e,200,2020-12-27T00:07:37.969758,,
1327574,application/zip,1.222,2da2e306ec5bde3853000dd2b73a3c792c8e6f9009e4448b83510d1acbfc8ad6,636ac78dd9a11bc5360057135ec930f8a824639d57b44ce51e0f94e993f00a1b,200,2020-12-27T00:07:37.969758,,
833212,application/xml,5.111,201c08f03d060f21f71bc93e64b7b166a6e2f34ccb772d19fbf2e3ec2084cdeb,21e588656b6af1a30e75d040339de10d5fa610e975ea14fcef6874c727f3506e,200,2020-12-28T00:08:44.974744,,
1327574,application/zip,1.286,2da2e306ec5bde3853000dd2b73a3c792c8e6f9009e4448b83510d1acbfc8ad6,636ac78dd9a11bc5360057135ec930f8a824639d57b44ce51e0f94e993f00a1b,200,2020-12-28T00:08:44.974744,,
833212,application/xml,4.749,201c08f03d060f21f71bc93e64b7b166a6e2f34ccb772d19fbf2e3ec2084cdeb,45b30f34706938f5b2a7daa0157e30e7735c49c43f30c68ed14500969c870161,200,2020-12-29T00:10:16.486786,,
1327574,application/zip,1.355,2da2e306ec5bde3853000dd2b73a3c792c8e6f9009e4448b83510d1acbfc8ad6,636ac78dd9a11bc5360057135ec930f8a824639d57b44ce51e0f94e993f00a1b,200,2020-12-29T00:10:16.486786,,
833212,application/xml,4.923,201c08f03d060f21f71bc93e64b7b166a6e2f34ccb772d19fbf2e3ec2084cdeb,dd626f4b77b5a7d3475d2c1ddb5ebf4ec9be56cf720743f3d095f91de760fd7d,200,2020-12-30T00:11:17.088708,,
1327574,application/zip,1.264,2da2e306ec5bde3853000dd2b73a3c792c8e6f9009e4448b83510d1acbfc8ad6,636ac78dd9a11bc5360057135ec930f8a824639d57b44ce51e0f94e993f00a1b,200,2020-12-30T00:11:17.088708,,
833212,application/xml,5.955,201c08f03d060f21f71bc93e64b7b166a6e2f34ccb772d19fbf2e3ec2084cdeb,efc4f3a293491330902a76428170583b76f97efd790bbb74c4a5f5a330a6c7ba,200,2020-12-31T00:13:05.682960,,
1327574,application/zip,1.684,2da2e306ec5bde3853000dd2b73a3c792c8e6f9009e4448b83510d1acbfc8ad6,636ac78dd9a11bc5360057135ec930f8a824639d57b44ce51e0f94e993f00a1b,200,2020-12-31T00:13:05.682960,,
833212,application/xml,5.56,201c08f03d060f21f71bc93e64b7b166a6e2f34ccb772d19fbf2e3ec2084cdeb,06fd8acc65c94b7eb07419b40050567ed0faf72db239c7912020fce71e06ee6a,200,2021-01-01T00:11:27.069102,,
1327574,application/zip,1.399,2da2e306ec5bde3853000dd2b73a3c792c8e6f9009e4448b83510d1acbfc8ad6,636ac78dd9a11bc5360057135ec930f8a824639d57b44ce51e0f94e993f00a1b,200,2021-01-01T00:11:27.069102,,
833212,application/xml,17.409,201c08f03d060f21f71bc93e64b7b166a6e2f34ccb772d19fbf2e3ec2084cdeb,7321727a365871eaacc9d189008a795c1d9233e31598c77a7e01b4163ed8d59d,200,2021-01-02T00:11:26.720063,,
1327574,application/zip,1.353,2da2e306ec5bde3853000dd2b73a3c792c8e6f9009e4448b83510d1acbfc8ad6,636ac78dd9a11bc5360057135ec930f8a824639d57b44ce51e0f94e993f00a1b,200,2021-01-02T00:11:26.720063,,
833212,application/xml,5.467,201c08f03d060f21f71bc93e64b7b166a6e2f34ccb772d19fbf2e3ec2084cdeb,fade81b6a3e869932185182df4a92d15ffcf9d258ec3ec63692b37445eb2c85b,200,2021-01-03T00:11:25.594294,,
1327574,application/zip,1.47,2da2e306ec5bde3853000dd2b73a3c792c8e6f9009e4448b83510d1acbfc8ad6,636ac78dd9a11bc5360057135ec930f8a824639d57b44ce51e0f94e993f00a1b,200,2021-01-03T00:11:25.594294,,
833212,application/xml,5.396,201c08f03d060f21f71bc93e64b7b166a6e2f34ccb772d19fbf2e3ec2084cdeb,e576edb46a7ccbb315fd59f2c2f5d3599e86b6ddca338454b320652229b574f9,200,2021-01-04T00:13:22.403630,,
25342,application/x-zip-compressed,0.248,20c877c9ce9fbc8d81db2a840d2950b675fc04ca54095b38a273531b91626c28,c3d7c9bef302520fc5adbbf9e3bf2d8f3f166e113b2dfe08354dd7d247fae68c,200,2021-01-04T16:47:07.769582,,
1327574,application/zip,1.348,2da2e306ec5bde3853000dd2b73a3c792c8e6f9009e4448b83510d1acbfc8ad6,636ac78dd9a11bc5360057135ec930f8a824639d57b44ce51e0f94e993f00a1b,200,2021-01-04T00:13:22.403630,,
833212,application/xml,26.574,201c08f03d060f21f71bc93e64b7b166a6e2f34ccb772d19fbf2e3ec2084cdeb,d8cdedadd5ee9bc528b6537749a09877136d43889ca99e78c6a042dc87d54b38,200,2021-01-05T00:16:26.884218,,
25342,application/x-zip-compressed,0.653,20c877c9ce9fbc8d81db2a840d2950b675fc04ca54095b38a273531b91626c28,c3d7c9bef302520fc5adbbf9e3bf2d8f3f166e113b2dfe08354dd7d247fae68c,200,2021-01-05T00:16:26.884218,,
1327574,application/zip,1.268,2da2e306ec5bde3853000dd2b73a3c792c8e6f9009e4448b83510d1acbfc8ad6,636ac78dd9a11bc5360057135ec930f8a824639d57b44ce51e0f94e993f00a1b,200,2021-01-05T00:16:26.884218,,
833212,application/xml,6.027,201c08f03d060f21f71bc93e64b7b166a6e2f34ccb772d19fbf2e3ec2084cdeb,7477df09818fabab8da6e27e317e18ab311b71829a8a4ed5d9d65d93876f0552,200,2021-01-06T00:13:32.474571,,
25342,application/x-zip-compressed,1.014,20c877c9ce9fbc8d81db2a840d2950b675fc04ca54095b38a273531b91626c28,c3d7c9bef302520fc5adbbf9e3bf2d8f3f166e113b2dfe08354dd7d247fae68c,200,2021-01-06T00:13:32.474571,,
1327574,application/zip,1.231,2da2e306ec5bde3853000dd2b73a3c792c8e6f9009e4448b83510d1acbfc8ad6,636ac78dd9a11bc5360057135ec930f8a824639d57b44ce51e0f94e993f00a1b,200,2021-01-06T00:13:32.474571,,
833212,application/xml,5.7,201c08f03d060f21f71bc93e64b7b166a6e2f34ccb772d19fbf2e3ec2084cdeb,3bfaa267fc07753d2eec797cabb4382cc92ce3a311db8a8a9d85b94609caf369,200,2021-01-07T00:16:59.045295,,
25342,application/x-zip-compressed,0.846,20c877c9ce9fbc8d81db2a840d2950b675fc04ca54095b38a273531b91626c28,c3d7c9bef302520fc5adbbf9e3bf2d8f3f166e113b2dfe08354dd7d247fae68c,200,2021-01-07T00:16:59.045295,,
1327574,application/zip,1.329,2da2e306ec5bde3853000dd2b73a3c792c8e6f9009e4448b83510d1acbfc8ad6,636ac78dd9a11bc5360057135ec930f8a824639d57b44ce51e0f94e993f00a1b,200,2021-01-07T00:16:59.045295,,
833212,application/xml,27.251,201c08f03d060f21f71bc93e64b7b166a6e2f34ccb772d19fbf2e3ec2084cdeb,7600abf72d59f62713a8ea164b1646ec96edc988ee4f5b59d2b525e8c23c4363,200,2021-01-08T00:18:05.338584,,
25342,application/x-zip-compressed,1.383,20c877c9ce9fbc8d81db2a840d2950b675fc04ca54095b38a273531b91626c28,c3d7c9bef302520fc5adbbf9e3bf2d8f3f166e113b2dfe08354dd7d247fae68c,200,2021-01-08T00:18:05.338584,,
1327574,application/zip,2.033,2da2e306ec5bde3853000dd2b73a3c792c8e6f9009e4448b83510d1acbfc8ad6,636ac78dd9a11bc5360057135ec930f8a824639d57b44ce51e0f94e993f00a1b,200,2021-01-08T00:18:05.338584,,
833212,application/xml,5.439,201c08f03d060f21f71bc93e64b7b166a6e2f34ccb772d19fbf2e3ec2084cdeb,fb805b660865c389569dbfcd7a4d1e83882751da6fad397b0a12555757555e97,200,2021-01-09T00:16:38.204979,,
25342,application/x-zip-compressed,0.8,20c877c9ce9fbc8d81db2a840d2950b675fc04ca54095b38a273531b91626c28,c3d7c9bef302520fc5adbbf9e3bf2d8f3f166e113b2dfe08354dd7d247fae68c,200,2021-01-09T00:16:38.204979,,
1327574,application/zip,1.464,2da2e306ec5bde3853000dd2b73a3c792c8e6f9009e4448b83510d1acbfc8ad6,636ac78dd9a11bc5360057135ec930f8a824639d57b44ce51e0f94e993f00a1b,200,2021-01-09T00:16:38.204979,,
833212,application/xml,5.837,201c08f03d060f21f71bc93e64b7b166a6e2f34ccb772d19fbf2e3ec2084cdeb,2e0a335c2ac2dee170c334a5943a55bd557af24945de8c74af5b0a3bd786db9b,200,2021-01-10T00:17:12.517813,,
25342,application/x-zip-compressed,0.938,20c877c9ce9fbc8d81db2a840d2950b675fc04ca54095b38a273531b91626c28,c3d7c9bef302520fc5adbbf9e3bf2d8f3f166e113b2dfe08354dd7d247fae68c,200,2021-01-10T00:17:12.517813,,
1327574,application/zip,1.321,2da2e306ec5bde3853000dd2b73a3c792c8e6f9009e4448b83510d1acbfc8ad6,636ac78dd9a11bc5360057135ec930f8a824639d57b44ce51e0f94e993f00a1b,200,2021-01-10T00:17:12.517813,,
833212,application/xml,5.437,201c08f03d060f21f71bc93e64b7b166a6e2f34ccb772d19fbf2e3ec2084cdeb,8ff295694a0c48addc9bee8b4613c23c6a93de6cc421774735984c26232c1c64,200,2021-01-11T00:16:54.946220,,
25342,application/x-zip-compressed,0.846,20c877c9ce9fbc8d81db2a840d2950b675fc04ca54095b38a273531b91626c28,c3d7c9bef302520fc5adbbf9e3bf2d8f3f166e113b2dfe08354dd7d247fae68c,200,2021-01-11T00:16:54.946220,,
1327574,application/zip,1.463,2da2e306ec5bde3853000dd2b73a3c792c8e6f9009e4448b83510d1acbfc8ad6,636ac78dd9a11bc5360057135ec930f8a824639d57b44ce51e0f94e993f00a1b,200,2021-01-11T00:16:54.946220,,
833212,application/xml,5.347,201c08f03d060f21f71bc93e64b7b166a6e2f34ccb772d19fbf2e3ec2084cdeb,7f18ce13aaa0aad4549b9938db6c0824ae39b0cc2c675a4604d06af4403fa78d,200,2021-01-12T00:20:00.954089,,
25342,application/x-zip-compressed,0.86,20c877c9ce9fbc8d81db2a840d2950b675fc04ca54095b38a273531b91626c28,c3d7c9bef302520fc5adbbf9e3bf2d8f3f166e113b2dfe08354dd7d247fae68c,200,2021-01-12T00:20:00.954089,,
1327574,application/zip,1.532,2da2e306ec5bde3853000dd2b73a3c792c8e6f9009e4448b83510d1acbfc8ad6,636ac78dd9a11bc5360057135ec930f8a824639d57b44ce51e0f94e993f00a1b,200,2021-01-12T00:20:00.954089,,
833212,application/xml,5.306,201c08f03d060f21f71bc93e64b7b166a6e2f34ccb772d19fbf2e3ec2084cdeb,38f4fef5ca17c9becde689aee8a17f3b72b437b3f986a73859862f6b21e9bc82,200,2021-01-13T00:27:46.272010,,
25342,application/x-zip-compressed,0.889,20c877c9ce9fbc8d81db2a840d2950b675fc04ca54095b38a273531b91626c28,c3d7c9bef302520fc5adbbf9e3bf2d8f3f166e113b2dfe08354dd7d247fae68c,200,2021-01-13T00:27:46.272010,,
1327574,application/zip,1.292,2da2e306ec5bde3853000dd2b73a3c792c8e6f9009e4448b83510d1acbfc8ad6,636ac78dd9a11bc5360057135ec930f8a824639d57b44ce51e0f94e993f00a1b,200,2021-01-13T00:27:46.272010,,
833212,application/xml,5.679,201c08f03d060f21f71bc93e64b7b166a6e2f34ccb772d19fbf2e3ec2084cdeb,4e05f98a383f5619e289629370fdfeaa6c20b443dd3e8215d552559e7e6f6d06,200,2021-01-14T00:34:04.828096,,
25342,application/x-zip-compressed,0.772,20c877c9ce9fbc8d81db2a840d2950b675fc04ca54095b38a273531b91626c28,c3d7c9bef302520fc5adbbf9e3bf2d8f3f166e113b2dfe08354dd7d247fae68c,200,2021-01-14T00:34:04.828096,,
1327574,application/zip,1.209,2da2e306ec5bde3853000dd2b73a3c792c8e6f9009e4448b83510d1acbfc8ad6,636ac78dd9a11bc5360057135ec930f8a824639d57b44ce51e0f94e993f00a1b,200,2021-01-14T00:34:04.828096,,
833212,application/xml,6.202,201c08f03d060f21f71bc93e64b7b166a6e2f34ccb772d19fbf2e3ec2084cdeb,d0ec478e0c811ef503fec73187b6f832460e057500cfde59e84404cc85463c25,200,2021-01-15T00:29:07.384855,,
25342,application/x-zip-compressed,1.307,20c877c9ce9fbc8d81db2a840d2950b675fc04ca54095b38a273531b91626c28,c3d7c9bef302520fc5adbbf9e3bf2d8f3f166e113b2dfe08354dd7d247fae68c,200,2021-01-15T00:29:07.384855,,
1327574,application/zip,1.209,2da2e306ec5bde3853000dd2b73a3c792c8e6f9009e4448b83510d1acbfc8ad6,636ac78dd9a11bc5360057135ec930f8a824639d57b44ce51e0f94e993f00a1b,200,2021-01-15T00:29:07.384855,,
833212,application/xml,5.425,201c08f03d060f21f71bc93e64b7b166a6e2f34ccb772d19fbf2e3ec2084cdeb,aec402e42f6dbaa5b49f3f4cc9c2f27e955d99dce9cf62b4fdf25bdf6f77efcf,200,2021-01-16T00:32:15.027800,,
25342,application/x-zip-compressed,3.698,20c877c9ce9fbc8d81db2a840d2950b675fc04ca54095b38a273531b91626c28,c3d7c9bef302520fc5adbbf9e3bf2d8f3f166e113b2dfe08354dd7d247fae68c,200,2021-01-16T00:32:15.027800,,
1327574,application/zip,1.308,2da2e306ec5bde3853000dd2b73a3c792c8e6f9009e4448b83510d1acbfc8ad6,636ac78dd9a11bc5360057135ec930f8a824639d57b44ce51e0f94e993f00a1b,200,2021-01-16T00:32:15.027800,,
833212,application/xml,5.422,201c08f03d060f21f71bc93e64b7b166a6e2f34ccb772d19fbf2e3ec2084cdeb,182e21c93e0ad019afa4ccf0e8133582f565caea8df6719bfac068854f96b76b,200,2021-01-17T00:28:22.399229,,
25342,application/x-zip-compressed,0.954,20c877c9ce9fbc8d81db2a840d2950b675fc04ca54095b38a273531b91626c28,c3d7c9bef302520fc5adbbf9e3bf2d8f3f166e113b2dfe08354dd7d247fae68c,200,2021-01-17T00:28:22.399229,,
1327574,application/zip,1.214,2da2e306ec5bde3853000dd2b73a3c792c8e6f9009e4448b83510d1acbfc8ad6,636ac78dd9a11bc5360057135ec930f8a824639d57b44ce51e0f94e993f00a1b,200,2021-01-17T00:28:22.399229,,
833212,application/xml,5.464,201c08f03d060f21f71bc93e64b7b166a6e2f34ccb772d19fbf2e3ec2084cdeb,831066cbdcbd44938e7404f076fd449fed44b8d7976df256a13cf22f2d2e9b52,200,2021-01-18T00:28:06.712119,,
25342,application/x-zip-compressed,0.894,20c877c9ce9fbc8d81db2a840d2950b675fc04ca54095b38a273531b91626c28,c3d7c9bef302520fc5adbbf9e3bf2d8f3f166e113b2dfe08354dd7d247fae68c,200,2021-01-18T00:28:06.712119,,
1327574,application/zip,1.377,2da2e306ec5bde3853000dd2b73a3c792c8e6f9009e4448b83510d1acbfc8ad6,636ac78dd9a11bc5360057135ec930f8a824639d57b44ce51e0f94e993f00a1b,200,2021-01-18T00:28:06.712119,,
833212,application/xml,5.577,201c08f03d060f21f71bc93e64b7b166a6e2f34ccb772d19fbf2e3ec2084cdeb,c167a356b7613f00c18a04fd7323108d3144899064d35667c0d2641d92548a72,200,2021-01-19T00:33:57.051875,,
25342,application/x-zip-compressed,1.029,20c877c9ce9fbc8d81db2a840d2950b675fc04ca54095b38a273531b91626c28,c3d7c9bef302520fc5adbbf9e3bf2d8f3f166e113b2dfe08354dd7d247fae68c,200,2021-01-19T00:33:57.051875,,
1327574,application/zip,1.471,2da2e306ec5bde3853000dd2b73a3c792c8e6f9009e4448b83510d1acbfc8ad6,636ac78dd9a11bc5360057135ec930f8a824639d57b44ce51e0f94e993f00a1b,200,2021-01-19T00:33:57.051875,,
833212,application/xml,5.571,201c08f03d060f21f71bc93e64b7b166a6e2f34ccb772d19fbf2e3ec2084cdeb,3c5ca8aecf4a4d1f29dff2e80d5312d830d865e1af540c54f4ba085090991314,200,2021-01-20T00:33:32.322513,,
25342,application/x-zip-compressed,0.854,20c877c9ce9fbc8d81db2a840d2950b675fc04ca54095b38a273531b91626c28,c3d7c9bef302520fc5adbbf9e3bf2d8f3f166e113b2dfe08354dd7d247fae68c,200,2021-01-20T00:33:32.322513,,
1327574,application/zip,2.245,2da2e306ec5bde3853000dd2b73a3c792c8e6f9009e4448b83510d1acbfc8ad6,636ac78dd9a11bc5360057135ec930f8a824639d57b44ce51e0f94e993f00a1b,200,2021-01-20T00:33:32.322513,,
833212,application/xml,5.61,201c08f03d060f21f71bc93e64b7b166a6e2f34ccb772d19fbf2e3ec2084cdeb,446535eb144656289c3ede14b1ad72a933e7d382323529b93d752446f5832c37,200,2021-01-21T00:33:08.891883,,
25342,application/x-zip-compressed,0.711,20c877c9ce9fbc8d81db2a840d2950b675fc04ca54095b38a273531b91626c28,c3d7c9bef302520fc5adbbf9e3bf2d8f3f166e113b2dfe08354dd7d247fae68c,200,2021-01-21T00:33:08.891883,,
1327574,application/zip,1.428,2da2e306ec5bde3853000dd2b73a3c792c8e6f9009e4448b83510d1acbfc8ad6,636ac78dd9a11bc5360057135ec930f8a824639d57b44ce51e0f94e993f00a1b,200,2021-01-21T00:33:08.891883,,
833212,application/xml,5.496,201c08f03d060f21f71bc93e64b7b166a6e2f34ccb772d19fbf2e3ec2084cdeb,49cd103018d6f1e77bd89726a3fea1cc9d65f541f3e746eb4b7bcca9c3821a92,200,2021-01-22T00:30:12.630452,,
25342,application/x-zip-compressed,1.164,20c877c9ce9fbc8d81db2a840d2950b675fc04ca54095b38a273531b91626c28,c3d7c9bef302520fc5adbbf9e3bf2d8f3f166e113b2dfe08354dd7d247fae68c,200,2021-01-22T00:30:12.630452,,
1327574,application/zip,1.719,2da2e306ec5bde3853000dd2b73a3c792c8e6f9009e4448b83510d1acbfc8ad6,636ac78dd9a11bc5360057135ec930f8a824639d57b44ce51e0f94e993f00a1b,200,2021-01-22T00:30:12.630452,,
833212,application/xml,5.712,201c08f03d060f21f71bc93e64b7b166a6e2f34ccb772d19fbf2e3ec2084cdeb,0a0da506b8619205917a7d4474685dc296ffada7da1c04934d3bb44e784ae6ec,200,2021-01-23T00:31:00.837099,,
25342,application/x-zip-compressed,0.691,20c877c9ce9fbc8d81db2a840d2950b675fc04ca54095b38a273531b91626c28,c3d7c9bef302520fc5adbbf9e3bf2d8f3f166e113b2dfe08354dd7d247fae68c,200,2021-01-23T00:31:00.837099,,
1327574,application/zip,1.368,2da2e306ec5bde3853000dd2b73a3c792c8e6f9009e4448b83510d1acbfc8ad6,636ac78dd9a11bc5360057135ec930f8a824639d57b44ce51e0f94e993f00a1b,200,2021-01-23T00:31:00.837099,,
833212,application/xml,11.7,201c08f03d060f21f71bc93e64b7b166a6e2f34ccb772d19fbf2e3ec2084cdeb,078d222f3e798db8a1171fbbc1c7b380f74a48847f2135f9d5eca8842083fb6f,200,2021-01-24T00:28:31.076108,,
25342,application/x-zip-compressed,1.025,20c877c9ce9fbc8d81db2a840d2950b675fc04ca54095b38a273531b91626c28,c3d7c9bef302520fc5adbbf9e3bf2d8f3f166e113b2dfe08354dd7d247fae68c,200,2021-01-24T00:28:31.076108,,
1327574,application/zip,1.367,2da2e306ec5bde3853000dd2b73a3c792c8e6f9009e4448b83510d1acbfc8ad6,636ac78dd9a11bc5360057135ec930f8a824639d57b44ce51e0f94e993f00a1b,200,2021-01-24T00:28:31.076108,,
833212,application/xml,5.325,201c08f03d060f21f71bc93e64b7b166a6e2f34ccb772d19fbf2e3ec2084cdeb,25f172f7684a42474b4ba846971b7d19d9761eae42b29b5016027371543a6308,200,2021-01-25T00:29:38.969894,,
25342,application/x-zip-compressed,0.843,20c877c9ce9fbc8d81db2a840d2950b675fc04ca54095b38a273531b91626c28,c3d7c9bef302520fc5adbbf9e3bf2d8f3f166e113b2dfe08354dd7d247fae68c,200,2021-01-25T00:29:38.969894,,
1327574,application/zip,1.464,2da2e306ec5bde3853000dd2b73a3c792c8e6f9009e4448b83510d1acbfc8ad6,636ac78dd9a11bc5360057135ec930f8a824639d57b44ce51e0f94e993f00a1b,200,2021-01-25T00:29:38.969894,,
833212,application/xml,5.679,201c08f03d060f21f71bc93e64b7b166a6e2f34ccb772d19fbf2e3ec2084cdeb,8138db79f6f2a482d5f548953f2ca04262ed14d74ff5f60f30c1487c103a2736,200,2021-01-26T00:06:08.023556,,
25342,application/x-zip-compressed,0.812,20c877c9ce9fbc8d81db2a840d2950b675fc04ca54095b38a273531b91626c28,c3d7c9bef302520fc5adbbf9e3bf2d8f3f166e113b2dfe08354dd7d247fae68c,200,2021-01-26T00:06:08.023556,,
1327574,application/zip,1.197,2da2e306ec5bde3853000dd2b73a3c792c8e6f9009e4448b83510d1acbfc8ad6,636ac78dd9a11bc5360057135ec930f8a824639d57b44ce51e0f94e993f00a1b,200,2021-01-26T00:06:08.023556,,
833212,application/xml,5.432,201c08f03d060f21f71bc93e64b7b166a6e2f34ccb772d19fbf2e3ec2084cdeb,ab8d786e640670fb7a9eb54f090a7df96e0554358a9c16541cd75df8c3a9825c,200,2021-01-27T00:03:46.966160,,
25342,application/x-zip-compressed,0.731,20c877c9ce9fbc8d81db2a840d2950b675fc04ca54095b38a273531b91626c28,c3d7c9bef302520fc5adbbf9e3bf2d8f3f166e113b2dfe08354dd7d247fae68c,200,2021-01-27T00:03:46.966160,,
1327574,application/zip,1.164,2da2e306ec5bde3853000dd2b73a3c792c8e6f9009e4448b83510d1acbfc8ad6,636ac78dd9a11bc5360057135ec930f8a824639d57b44ce51e0f94e993f00a1b,200,2021-01-27T00:03:46.966160,,
833212,application/xml,4.888,201c08f03d060f21f71bc93e64b7b166a6e2f34ccb772d19fbf2e3ec2084cdeb,ba058b21fe072b9f03eb0591767a1b3d1b94102452ecd18fcd323c88e80d8b87,200,2021-01-29T00:05:43.544771,,
25342,application/x-zip-compressed,1.166,20c877c9ce9fbc8d81db2a840d2950b675fc04ca54095b38a273531b91626c28,c3d7c9bef302520fc5adbbf9e3bf2d8f3f166e113b2dfe08354dd7d247fae68c,200,2021-01-29T00:05:43.544771,,
1327574,application/zip,1.303,2da2e306ec5bde3853000dd2b73a3c792c8e6f9009e4448b83510d1acbfc8ad6,636ac78dd9a11bc5360057135ec930f8a824639d57b44ce51e0f94e993f00a1b,200,2021-01-29T00:05:43.544771,,
833212,application/xml,26.423,201c08f03d060f21f71bc93e64b7b166a6e2f34ccb772d19fbf2e3ec2084cdeb,703bf4d9b572a72d17bf3f54a30436d353d50402fbe69ee92aabe0bb53459132,200,2021-01-30T00:06:26.467143,,
25342,application/x-zip-compressed,0.881,20c877c9ce9fbc8d81db2a840d2950b675fc04ca54095b38a273531b91626c28,c3d7c9bef302520fc5adbbf9e3bf2d8f3f166e113b2dfe08354dd7d247fae68c,200,2021-01-30T00:06:26.467143,,
1327574,application/zip,1.63,2da2e306ec5bde3853000dd2b73a3c792c8e6f9009e4448b83510d1acbfc8ad6,636ac78dd9a11bc5360057135ec930f8a824639d57b44ce51e0f94e993f00a1b,200,2021-01-30T00:06:26.467143,,
833212,application/xml,1.122,201c08f03d060f21f71bc93e64b7b166a6e2f34ccb772d19fbf2e3ec2084cdeb,bd842eeae271085bd8b7187152477abe24b8a6bd96f9891098ab9f4dfaa0338b,200,2021-01-31T00:04:26.075566,,
25342,application/x-zip-compressed,0.792,20c877c9ce9fbc8d81db2a840d2950b675fc04ca54095b38a273531b91626c28,c3d7c9bef302520fc5adbbf9e3bf2d8f3f166e113b2dfe08354dd7d247fae68c,200,2021-01-31T00:04:26.075566,,
1327574,application/zip,1.441,2da2e306ec5bde3853000dd2b73a3c792c8e6f9009e4448b83510d1acbfc8ad6,636ac78dd9a11bc5360057135ec930f8a824639d57b44ce51e0f94e993f00a1b,200,2021-01-31T00:04:26.075566,,
833212,application/xml,4.832,201c08f03d060f21f71bc93e64b7b166a6e2f34ccb772d19fbf2e3ec2084cdeb,d1f742c5e59aa97bbb12c0a543dd1195e8f6606f883786caf63fdae09f7f9856,200,2021-02-01T00:09:20.337286,,
25342,application/x-zip-compressed,1.076,20c877c9ce9fbc8d81db2a840d2950b675fc04ca54095b38a273531b91626c28,c3d7c9bef302520fc5adbbf9e3bf2d8f3f166e113b2dfe08354dd7d247fae68c,200,2021-02-01T00:09:20.337286,,
1327574,application/zip,1.192,2da2e306ec5bde3853000dd2b73a3c792c8e6f9009e4448b83510d1acbfc8ad6,636ac78dd9a11bc5360057135ec930f8a824639d57b44ce51e0f94e993f00a1b,200,2021-02-01T00:09:20.337286,,
833212,application/xml,5.547,201c08f03d060f21f71bc93e64b7b166a6e2f34ccb772d19fbf2e3ec2084cdeb,a366c957d06730409ef49f3d102d24f62ce62474e6de59750cc8c83356630fd3,200,2021-02-02T00:05:57.618930,,
25342,application/x-zip-compressed,0.958,20c877c9ce9fbc8d81db2a840d2950b675fc04ca54095b38a273531b91626c28,c3d7c9bef302520fc5adbbf9e3bf2d8f3f166e113b2dfe08354dd7d247fae68c,200,2021-02-02T00:05:57.618930,,
1327574,application/zip,1.213,2da2e306ec5bde3853000dd2b73a3c792c8e6f9009e4448b83510d1acbfc8ad6,636ac78dd9a11bc5360057135ec930f8a824639d57b44ce51e0f94e993f00a1b,200,2021-02-02T00:05:57.618930,,
833212,application/xml,7.764,201c08f03d060f21f71bc93e64b7b166a6e2f34ccb772d19fbf2e3ec2084cdeb,279fb6c94a26b2d29d98221cace2f0cc33a9180f756e50de7751ee887b0b4caf,200,2021-02-03T00:02:29.094697,,
25342,application/x-zip-compressed,1.537,20c877c9ce9fbc8d81db2a840d2950b675fc04ca54095b38a273531b91626c28,c3d7c9bef302520fc5adbbf9e3bf2d8f3f166e113b2dfe08354dd7d247fae68c,200,2021-02-03T00:02:29.094697,,
1327574,application/zip,2.44,2da2e306ec5bde3853000dd2b73a3c792c8e6f9009e4448b83510d1acbfc8ad6,636ac78dd9a11bc5360057135ec930f8a824639d57b44ce51e0f94e993f00a1b,200,2021-02-03T00:02:29.094697,,
833212,application/xml,5.909,201c08f03d060f21f71bc93e64b7b166a6e2f34ccb772d19fbf2e3ec2084cdeb,04d6672fbfe372c6d331f55de5577921aa0fb66f57e2a00955dc70215bfbe2b4,200,2021-02-04T00:02:27.995254,,
25342,application/x-zip-compressed,0.762,20c877c9ce9fbc8d81db2a840d2950b675fc04ca54095b38a273531b91626c28,c3d7c9bef302520fc5adbbf9e3bf2d8f3f166e113b2dfe08354dd7d247fae68c,200,2021-02-04T00:02:27.995254,,
1327574,application/zip,1.216,2da2e306ec5bde3853000dd2b73a3c792c8e6f9009e4448b83510d1acbfc8ad6,636ac78dd9a11bc5360057135ec930f8a824639d57b44ce51e0f94e993f00a1b,200,2021-02-04T00:02:27.995254,,
833212,application/xml,6.309,201c08f03d060f21f71bc93e64b7b166a6e2f34ccb772d19fbf2e3ec2084cdeb,93fc3fe75ff908f56cfd77777f01871e115e0e303d2c3565c20ed1818540be82,200,2021-02-05T00:02:43.953924,,
25342,application/x-zip-compressed,0.925,20c877c9ce9fbc8d81db2a840d2950b675fc04ca54095b38a273531b91626c28,c3d7c9bef302520fc5adbbf9e3bf2d8f3f166e113b2dfe08354dd7d247fae68c,200,2021-02-05T00:02:43.953924,,
1327574,application/zip,1.313,2da2e306ec5bde3853000dd2b73a3c792c8e6f9009e4448b83510d1acbfc8ad6,636ac78dd9a11bc5360057135ec930f8a824639d57b44ce51e0f94e993f00a1b,200,2021-02-05T00:02:43.953924,,
833212,application/xml,5.409,201c08f03d060f21f71bc93e64b7b166a6e2f34ccb772d19fbf2e3ec2084cdeb,c426982a93d87539353404ac7c15e0f87df52c2f02072cc4b2897f32d32eeb7a,200,2021-02-06T00:02:17.573915,,
25342,application/x-zip-compressed,1.055,20c877c9ce9fbc8d81db2a840d2950b675fc04ca54095b38a273531b91626c28,c3d7c9bef302520fc5adbbf9e3bf2d8f3f166e113b2dfe08354dd7d247fae68c,200,2021-02-06T00:02:17.573915,,
1327574,application/zip,1.459,2da2e306ec5bde3853000dd2b73a3c792c8e6f9009e4448b83510d1acbfc8ad6,636ac78dd9a11bc5360057135ec930f8a824639d57b44ce51e0f94e993f00a1b,200,2021-02-06T00:02:17.573915,,
833212,application/xml,5.356,201c08f03d060f21f71bc93e64b7b166a6e2f34ccb772d19fbf2e3ec2084cdeb,d8e93bd4b6d2ea3654a9405fc8bf825cfdeea7ca4086159e161ceb8bbc38c103,200,2021-02-07T00:04:49.447686,,
25342,application/x-zip-compressed,0.786,20c877c9ce9fbc8d81db2a840d2950b675fc04ca54095b38a273531b91626c28,c3d7c9bef302520fc5adbbf9e3bf2d8f3f166e113b2dfe08354dd7d247fae68c,200,2021-02-07T00:04:49.447686,,
1327574,application/zip,1.325,2da2e306ec5bde3853000dd2b73a3c792c8e6f9009e4448b83510d1acbfc8ad6,636ac78dd9a11bc5360057135ec930f8a824639d57b44ce51e0f94e993f00a1b,200,2021-02-07T00:04:49.447686,,
833212,application/xml,4.88,201c08f03d060f21f71bc93e64b7b166a6e2f34ccb772d19fbf2e3ec2084cdeb,6fd73fc79094488264ea3da67375ce9e3ac704c2bb955de7d3b7195156a0e309,200,2021-02-08T00:02:33.231089,,
25342,application/x-zip-compressed,5.587,20c877c9ce9fbc8d81db2a840d2950b675fc04ca54095b38a273531b91626c28,c3d7c9bef302520fc5adbbf9e3bf2d8f3f166e113b2dfe08354dd7d247fae68c,200,2021-02-08T00:02:33.231089,,
1327574,application/zip,1.228,2da2e306ec5bde3853000dd2b73a3c792c8e6f9009e4448b83510d1acbfc8ad6,636ac78dd9a11bc5360057135ec930f8a824639d57b44ce51e0f94e993f00a1b,200,2021-02-08T00:02:33.231089,,
833212,application/xml,5.391,201c08f03d060f21f71bc93e64b7b166a6e2f34ccb772d19fbf2e3ec2084cdeb,c7e68949e6f64289b437f274be0f83f7a99ff54ac84e0cab8d653de733dc67ef,200,2021-02-09T00:02:24.638335,,
25342,application/x-zip-compressed,0.842,20c877c9ce9fbc8d81db2a840d2950b675fc04ca54095b38a273531b91626c28,c3d7c9bef302520fc5adbbf9e3bf2d8f3f166e113b2dfe08354dd7d247fae68c,200,2021-02-09T00:02:24.638335,,
1327574,application/zip,1.351,2da2e306ec5bde3853000dd2b73a3c792c8e6f9009e4448b83510d1acbfc8ad6,636ac78dd9a11bc5360057135ec930f8a824639d57b44ce51e0f94e993f00a1b,200,2021-02-09T00:02:24.638335,,
833212,application/xml,5.299,201c08f03d060f21f71bc93e64b7b166a6e2f34ccb772d19fbf2e3ec2084cdeb,d8d50da1ecde1b9aca7b924f67ed397051af4383be7f4af36712122febadaaf5,200,2021-02-10T00:02:19.524229,,
25342,application/x-zip-compressed,0.914,20c877c9ce9fbc8d81db2a840d2950b675fc04ca54095b38a273531b91626c28,c3d7c9bef302520fc5adbbf9e3bf2d8f3f166e113b2dfe08354dd7d247fae68c,200,2021-02-10T00:02:19.524229,,
1327574,application/zip,1.34,2da2e306ec5bde3853000dd2b73a3c792c8e6f9009e4448b83510d1acbfc8ad6,636ac78dd9a11bc5360057135ec930f8a824639d57b44ce51e0f94e993f00a1b,200,2021-02-10T00:02:19.524229,,
833212,application/xml,5.701,201c08f03d060f21f71bc93e64b7b166a6e2f34ccb772d19fbf2e3ec2084cdeb,864fb8ddacedb05fe30b85daef95669b1b0422c67e75569f23acd38e6412734b,200,2021-02-11T00:02:41.894230,,
25342,application/x-zip-compressed,1.01,20c877c9ce9fbc8d81db2a840d2950b675fc04ca54095b38a273531b91626c28,c3d7c9bef302520fc5adbbf9e3bf2d8f3f166e113b2dfe08354dd7d247fae68c,200,2021-02-11T00:02:41.894230,,
1327574,application/zip,1.366,2da2e306ec5bde3853000dd2b73a3c792c8e6f9009e4448b83510d1acbfc8ad6,636ac78dd9a11bc5360057135ec930f8a824639d57b44ce51e0f94e993f00a1b,200,2021-02-11T00:02:41.894230,,
833212,application/xml,5.079,201c08f03d060f21f71bc93e64b7b166a6e2f34ccb772d19fbf2e3ec2084cdeb,395d1208c6fda1654416dd3d321213a47dc74a348de138dbf28508bfc5efdd98,200,2021-02-12T00:03:11.019399,,
25342,application/x-zip-compressed,0.965,20c877c9ce9fbc8d81db2a840d2950b675fc04ca54095b38a273531b91626c28,c3d7c9bef302520fc5adbbf9e3bf2d8f3f166e113b2dfe08354dd7d247fae68c,200,2021-02-12T00:03:11.019399,,
1327574,application/zip,1.32,2da2e306ec5bde3853000dd2b73a3c792c8e6f9009e4448b83510d1acbfc8ad6,636ac78dd9a11bc5360057135ec930f8a824639d57b44ce51e0f94e993f00a1b,200,2021-02-12T00:03:11.019399,,
833212,application/xml,5.572,201c08f03d060f21f71bc93e64b7b166a6e2f34ccb772d19fbf2e3ec2084cdeb,e6d6f96371979e34ab8099427452d0cefd9caedacf68e59f6988fa989d676289,200,2021-02-13T00:02:20.659349,,
25342,application/x-zip-compressed,0.69,20c877c9ce9fbc8d81db2a840d2950b675fc04ca54095b38a273531b91626c28,c3d7c9bef302520fc5adbbf9e3bf2d8f3f166e113b2dfe08354dd7d247fae68c,200,2021-02-13T00:02:20.659349,,
1327574,application/zip,1.234,2da2e306ec5bde3853000dd2b73a3c792c8e6f9009e4448b83510d1acbfc8ad6,636ac78dd9a11bc5360057135ec930f8a824639d57b44ce51e0f94e993f00a1b,200,2021-02-13T00:02:20.659349,,
833212,application/xml,5.468,201c08f03d060f21f71bc93e64b7b166a6e2f34ccb772d19fbf2e3ec2084cdeb,ce1d021e1b5980d68a21a8085624f3c16b9daff4e9ec3e27ebf54fffbfec97ad,200,2021-02-14T00:02:42.980330,,
25342,application/x-zip-compressed,0.726,20c877c9ce9fbc8d81db2a840d2950b675fc04ca54095b38a273531b91626c28,c3d7c9bef302520fc5adbbf9e3bf2d8f3f166e113b2dfe08354dd7d247fae68c,200,2021-02-14T00:02:42.980330,,
1327574,application/zip,1.297,2da2e306ec5bde3853000dd2b73a3c792c8e6f9009e4448b83510d1acbfc8ad6,636ac78dd9a11bc5360057135ec930f8a824639d57b44ce51e0f94e993f00a1b,200,2021-02-14T00:02:42.980330,,
833212,application/xml,4.815,201c08f03d060f21f71bc93e64b7b166a6e2f34ccb772d19fbf2e3ec2084cdeb,f737f40d41dd07c680dd8c15816394374c3fa3591219bdb29a0613444c9cad03,200,2021-02-15T00:02:46.478898,,
25342,application/x-zip-compressed,0.637,20c877c9ce9fbc8d81db2a840d2950b675fc04ca54095b38a273531b91626c28,c3d7c9bef302520fc5adbbf9e3bf2d8f3f166e113b2dfe08354dd7d247fae68c,200,2021-02-15T00:02:46.478898,,
1327574,application/zip,1.183,2da2e306ec5bde3853000dd2b73a3c792c8e6f9009e4448b83510d1acbfc8ad6,636ac78dd9a11bc5360057135ec930f8a824639d57b44ce51e0f94e993f00a1b,200,2021-02-15T00:02:46.478898,,
833212,application/xml,5.537,201c08f03d060f21f71bc93e64b7b166a6e2f34ccb772d19fbf2e3ec2084cdeb,63442edc561811cd6095f942291d15c54f4ecbd0926fe63574380882e923e257,200,2021-02-16T00:02:27.732665,,
25342,application/x-zip-compressed,0.632,20c877c9ce9fbc8d81db2a840d2950b675fc04ca54095b38a273531b91626c28,c3d7c9bef302520fc5adbbf9e3bf2d8f3f166e113b2dfe08354dd7d247fae68c,200,2021-02-16T00:02:27.732665,,
1327574,application/zip,1.331,2da2e306ec5bde3853000dd2b73a3c792c8e6f9009e4448b83510d1acbfc8ad6,636ac78dd9a11bc5360057135ec930f8a824639d57b44ce51e0f94e993f00a1b,200,2021-02-16T00:02:27.732665,,
833212,application/xml,5.691,201c08f03d060f21f71bc93e64b7b166a6e2f34ccb772d19fbf2e3ec2084cdeb,5def881f8186ebc63116d118b92cecc604195ba8437c0ce800aab5a9196f29c1,200,2021-02-17T00:02:34.653343,,
25342,application/x-zip-compressed,0.553,20c877c9ce9fbc8d81db2a840d2950b675fc04ca54095b38a273531b91626c28,c3d7c9bef302520fc5adbbf9e3bf2d8f3f166e113b2dfe08354dd7d247fae68c,200,2021-02-17T00:02:34.653343,,
1327574,application/zip,1.259,2da2e306ec5bde3853000dd2b73a3c792c8e6f9009e4448b83510d1acbfc8ad6,636ac78dd9a11bc5360057135ec930f8a824639d57b44ce51e0f94e993f00a1b,200,2021-02-17T00:02:34.653343,,
772405,application/xml;charset=UTF-8,6.388,201c08f03d060f21f71bc93e64b7b166a6e2f34ccb772d19fbf2e3ec2084cdeb,e4970e7951abb80c4756024cb1e984a63ad14ece6baaafa24cf7bb27da5439f2,200,2021-02-18T00:02:29.807598,,
25342,application/x-zip-compressed,0.78,20c877c9ce9fbc8d81db2a840d2950b675fc04ca54095b38a273531b91626c28,c3d7c9bef302520fc5adbbf9e3bf2d8f3f166e113b2dfe08354dd7d247fae68c,200,2021-02-18T00:02:29.807598,,
1327574,application/zip,1.279,2da2e306ec5bde3853000dd2b73a3c792c8e6f9009e4448b83510d1acbfc8ad6,636ac78dd9a11bc5360057135ec930f8a824639d57b44ce51e0f94e993f00a1b,200,2021-02-18T00:02:29.807598,,
772405,application/xml;charset=UTF-8,6.211,201c08f03d060f21f71bc93e64b7b166a6e2f34ccb772d19fbf2e3ec2084cdeb,f38b0bba486609af0223315179b3435be80f260680709fa2a399a29a7e02ec2f,200,2021-02-19T00:02:40.692849,,
25342,application/x-zip-compressed,0.939,20c877c9ce9fbc8d81db2a840d2950b675fc04ca54095b38a273531b91626c28,c3d7c9bef302520fc5adbbf9e3bf2d8f3f166e113b2dfe08354dd7d247fae68c,200,2021-02-19T00:02:40.692849,,
1327574,application/zip,2.192,2da2e306ec5bde3853000dd2b73a3c792c8e6f9009e4448b83510d1acbfc8ad6,636ac78dd9a11bc5360057135ec930f8a824639d57b44ce51e0f94e993f00a1b,200,2021-02-19T00:02:40.692849,,
772405,application/xml;charset=UTF-8,6.136,201c08f03d060f21f71bc93e64b7b166a6e2f34ccb772d19fbf2e3ec2084cdeb,9d7367bc1ef3fd81f53817b247f27d771ff3577a4753755123e0556f53a8d3cc,200,2021-02-20T00:02:41.151204,,
25342,application/x-zip-compressed,0.583,20c877c9ce9fbc8d81db2a840d2950b675fc04ca54095b38a273531b91626c28,c3d7c9bef302520fc5adbbf9e3bf2d8f3f166e113b2dfe08354dd7d247fae68c,200,2021-02-20T00:02:41.151204,,
1327574,application/zip,1.473,2da2e306ec5bde3853000dd2b73a3c792c8e6f9009e4448b83510d1acbfc8ad6,636ac78dd9a11bc5360057135ec930f8a824639d57b44ce51e0f94e993f00a1b,200,2021-02-20T00:02:41.151204,,
772405,application/xml;charset=UTF-8,6.551,201c08f03d060f21f71bc93e64b7b166a6e2f34ccb772d19fbf2e3ec2084cdeb,c1b2394a5c053d962a79ab7ca6b411c1aeb9496b702fe7776056a948665ee509,200,2021-02-21T00:07:19.272142,,
25342,application/x-zip-compressed,1.571,20c877c9ce9fbc8d81db2a840d2950b675fc04ca54095b38a273531b91626c28,c3d7c9bef302520fc5adbbf9e3bf2d8f3f166e113b2dfe08354dd7d247fae68c,200,2021-02-21T00:07:19.272142,,
1327574,application/zip,4.335,2da2e306ec5bde3853000dd2b73a3c792c8e6f9009e4448b83510d1acbfc8ad6,636ac78dd9a11bc5360057135ec930f8a824639d57b44ce51e0f94e993f00a1b,200,2021-02-21T00:07:19.272142,,
772405,application/xml;charset=UTF-8,5.491,201c08f03d060f21f71bc93e64b7b166a6e2f34ccb772d19fbf2e3ec2084cdeb,07e5f1f7fdd64c8d1bb6a4bec45337d36be0b3c8d626ef536d2d2e150c1422e6,200,2021-02-22T00:02:51.843611,,
25342,application/x-zip-compressed,0.679,20c877c9ce9fbc8d81db2a840d2950b675fc04ca54095b38a273531b91626c28,c3d7c9bef302520fc5adbbf9e3bf2d8f3f166e113b2dfe08354dd7d247fae68c,200,2021-02-22T00:02:51.843611,,
1327574,application/zip,1.399,2da2e306ec5bde3853000dd2b73a3c792c8e6f9009e4448b83510d1acbfc8ad6,636ac78dd9a11bc5360057135ec930f8a824639d57b44ce51e0f94e993f00a1b,200,2021-02-22T00:02:51.843611,,
772405,application/xml;charset=UTF-8,5.837,201c08f03d060f21f71bc93e64b7b166a6e2f34ccb772d19fbf2e3ec2084cdeb,646334dce1e78a8f4ebc18a6d1ee64df5b0e282d91408276af4656f584e05a5c,200,2021-02-23T00:02:40.233277,,
25342,application/x-zip-compressed,0.576,20c877c9ce9fbc8d81db2a840d2950b675fc04ca54095b38a273531b91626c28,c3d7c9bef302520fc5adbbf9e3bf2d8f3f166e113b2dfe08354dd7d247fae68c,200,2021-02-23T00:02:40.233277,,
1327574,application/zip,1.563,2da2e306ec5bde3853000dd2b73a3c792c8e6f9009e4448b83510d1acbfc8ad6,636ac78dd9a11bc5360057135ec930f8a824639d57b44ce51e0f94e993f00a1b,200,2021-02-23T00:02:40.233277,,
772405,application/xml;charset=UTF-8,27.355,201c08f03d060f21f71bc93e64b7b166a6e2f34ccb772d19fbf2e3ec2084cdeb,82cd9aeef82c62b731cad10512bd1b134f30ea0f5cc4f0ca752d6c1b0e50c3b5,200,2021-02-24T00:02:52.486138,,
25342,application/x-zip-compressed,1.209,20c877c9ce9fbc8d81db2a840d2950b675fc04ca54095b38a273531b91626c28,c3d7c9bef302520fc5adbbf9e3bf2d8f3f166e113b2dfe08354dd7d247fae68c,200,2021-02-24T00:02:52.486138,,
1327574,application/zip,1.445,2da2e306ec5bde3853000dd2b73a3c792c8e6f9009e4448b83510d1acbfc8ad6,636ac78dd9a11bc5360057135ec930f8a824639d57b44ce51e0f94e993f00a1b,200,2021-02-24T00:02:52.486138,,
772405,application/xml;charset=UTF-8,6.095,201c08f03d060f21f71bc93e64b7b166a6e2f34ccb772d19fbf2e3ec2084cdeb,dda8b67bc3ea8e827aa5ec766d088576ea8e1e7653efd4e054c02c354efad90b,200,2021-02-25T00:05:12.324786,,
25342,application/x-zip-compressed,0.612,20c877c9ce9fbc8d81db2a840d2950b675fc04ca54095b38a273531b91626c28,c3d7c9bef302520fc5adbbf9e3bf2d8f3f166e113b2dfe08354dd7d247fae68c,200,2021-02-25T00:05:12.324786,,
1327574,application/zip,1.196,2da2e306ec5bde3853000dd2b73a3c792c8e6f9009e4448b83510d1acbfc8ad6,636ac78dd9a11bc5360057135ec930f8a824639d57b44ce51e0f94e993f00a1b,200,2021-02-25T00:05:12.324786,,
772405,application/xml;charset=UTF-8,5.315,201c08f03d060f21f71bc93e64b7b166a6e2f34ccb772d19fbf2e3ec2084cdeb,cb51bd9ac5816f73d033d1c48a44bf00ac5e1a07ce477b83645a3a3de9b6e1ee,200,2021-02-26T00:02:29.439928,,
25342,application/x-zip-compressed,0.643,20c877c9ce9fbc8d81db2a840d2950b675fc04ca54095b38a273531b91626c28,c3d7c9bef302520fc5adbbf9e3bf2d8f3f166e113b2dfe08354dd7d247fae68c,200,2021-02-26T00:02:29.439928,,
1327574,application/zip,1.322,2da2e306ec5bde3853000dd2b73a3c792c8e6f9009e4448b83510d1acbfc8ad6,636ac78dd9a11bc5360057135ec930f8a824639d57b44ce51e0f94e993f00a1b,200,2021-02-26T00:02:29.439928,,
772405,application/xml;charset=UTF-8,5.66,201c08f03d060f21f71bc93e64b7b166a6e2f34ccb772d19fbf2e3ec2084cdeb,ae4578a99de7c9fcb9204dd9664c6d1aa5e4aa63c95f8ae17c58e77f0da6c751,200,2021-02-27T00:02:48.970552,,
25342,application/x-zip-compressed,1.711,20c877c9ce9fbc8d81db2a840d2950b675fc04ca54095b38a273531b91626c28,c3d7c9bef302520fc5adbbf9e3bf2d8f3f166e113b2dfe08354dd7d247fae68c,200,2021-02-27T00:02:48.970552,,
1327574,application/zip,1.36,2da2e306ec5bde3853000dd2b73a3c792c8e6f9009e4448b83510d1acbfc8ad6,636ac78dd9a11bc5360057135ec930f8a824639d57b44ce51e0f94e993f00a1b,200,2021-02-27T00:02:48.970552,,
772405,application/xml;charset=UTF-8,6.284,201c08f03d060f21f71bc93e64b7b166a6e2f34ccb772d19fbf2e3ec2084cdeb,87236256bcabc4d2afecf310fc4bf51ab065bdde2fefc6f80b94fca7e76c27af,200,2021-02-28T00:03:05.697617,,
25342,application/x-zip-compressed,1.045,20c877c9ce9fbc8d81db2a840d2950b675fc04ca54095b38a273531b91626c28,c3d7c9bef302520fc5adbbf9e3bf2d8f3f166e113b2dfe08354dd7d247fae68c,200,2021-02-28T00:03:05.697617,,
1327574,application/zip,2.178,2da2e306ec5bde3853000dd2b73a3c792c8e6f9009e4448b83510d1acbfc8ad6,636ac78dd9a11bc5360057135ec930f8a824639d57b44ce51e0f94e993f00a1b,200,2021-02-28T00:03:05.697617,,
772405,application/xml;charset=UTF-8,5.664,201c08f03d060f21f71bc93e64b7b166a6e2f34ccb772d19fbf2e3ec2084cdeb,fd0bc97845ef0f59aa26746fa261196066f915a1578262c145c77a93f927559e,200,2021-03-01T00:02:59.419337,,
25342,application/x-zip-compressed,0.575,20c877c9ce9fbc8d81db2a840d2950b675fc04ca54095b38a273531b91626c28,c3d7c9bef302520fc5adbbf9e3bf2d8f3f166e113b2dfe08354dd7d247fae68c,200,2021-03-01T00:02:59.419337,,
1327574,application/zip,1.462,2da2e306ec5bde3853000dd2b73a3c792c8e6f9009e4448b83510d1acbfc8ad6,636ac78dd9a11bc5360057135ec930f8a824639d57b44ce51e0f94e993f00a1b,200,2021-03-01T00:02:59.419337,,
772405,application/xml;charset=UTF-8,5.841,201c08f03d060f21f71bc93e64b7b166a6e2f34ccb772d19fbf2e3ec2084cdeb,c8862a8026efd44819594bbeef598622e7e08fe6889ce201df56fff9007d87b8,200,2021-03-02T00:02:30.083379,,
25342,application/x-zip-compressed,0.928,20c877c9ce9fbc8d81db2a840d2950b675fc04ca54095b38a273531b91626c28,c3d7c9bef302520fc5adbbf9e3bf2d8f3f166e113b2dfe08354dd7d247fae68c,200,2021-03-02T00:02:30.083379,,
1327574,application/zip,1.173,2da2e306ec5bde3853000dd2b73a3c792c8e6f9009e4448b83510d1acbfc8ad6,636ac78dd9a11bc5360057135ec930f8a824639d57b44ce51e0f94e993f00a1b,200,2021-03-02T00:02:30.083379,,
772405,application/xml;charset=UTF-8,6.085,201c08f03d060f21f71bc93e64b7b166a6e2f34ccb772d19fbf2e3ec2084cdeb,acaa739c6e66f09ba37ce8e7a0d6b51c14a4292f13623382e42928b4e058e0ee,200,2021-03-03T00:02:47.836627,,
25342,application/x-zip-compressed,0.743,20c877c9ce9fbc8d81db2a840d2950b675fc04ca54095b38a273531b91626c28,c3d7c9bef302520fc5adbbf9e3bf2d8f3f166e113b2dfe08354dd7d247fae68c,200,2021-03-03T00:02:47.836627,,
1327574,application/zip,1.42,2da2e306ec5bde3853000dd2b73a3c792c8e6f9009e4448b83510d1acbfc8ad6,636ac78dd9a11bc5360057135ec930f8a824639d57b44ce51e0f94e993f00a1b,200,2021-03-03T00:02:47.836627,,
772405,application/xml;charset=UTF-8,26.65,201c08f03d060f21f71bc93e64b7b166a6e2f34ccb772d19fbf2e3ec2084cdeb,8da3f8b2f5cac689824a9001bfbd64111dfeb7d14af35db36f84534f8228af12,200,2021-03-04T00:02:29.670654,,
25342,application/x-zip-compressed,0.585,20c877c9ce9fbc8d81db2a840d2950b675fc04ca54095b38a273531b91626c28,c3d7c9bef302520fc5adbbf9e3bf2d8f3f166e113b2dfe08354dd7d247fae68c,200,2021-03-04T00:02:29.670654,,
1327574,application/zip,1.267,2da2e306ec5bde3853000dd2b73a3c792c8e6f9009e4448b83510d1acbfc8ad6,636ac78dd9a11bc5360057135ec930f8a824639d57b44ce51e0f94e993f00a1b,200,2021-03-04T00:02:29.670654,,
772405,application/xml;charset=UTF-8,7.505,201c08f03d060f21f71bc93e64b7b166a6e2f34ccb772d19fbf2e3ec2084cdeb,fffea1a8a2a64ca568b8f74cccee47386a9fe19c266f5516f9bb640b373f0764,200,2021-03-05T00:02:33.922070,,
25342,application/x-zip-compressed,0.656,20c877c9ce9fbc8d81db2a840d2950b675fc04ca54095b38a273531b91626c28,c3d7c9bef302520fc5adbbf9e3bf2d8f3f166e113b2dfe08354dd7d247fae68c,200,2021-03-05T00:02:33.922070,,
1327574,application/zip,1.419,2da2e306ec5bde3853000dd2b73a3c792c8e6f9009e4448b83510d1acbfc8ad6,636ac78dd9a11bc5360057135ec930f8a824639d57b44ce51e0f94e993f00a1b,200,2021-03-05T00:02:33.922070,,
772405,application/xml;charset=UTF-8,5.47,201c08f03d060f21f71bc93e64b7b166a6e2f34ccb772d19fbf2e3ec2084cdeb,9d5d619385d1bcb7305b0850e2036beb9deb8d5edb48298ed69a0987a28f9d5c,200,2021-03-06T00:02:33.301522,,
25342,application/x-zip-compressed,0.633,20c877c9ce9fbc8d81db2a840d2950b675fc04ca54095b38a273531b91626c28,c3d7c9bef302520fc5adbbf9e3bf2d8f3f166e113b2dfe08354dd7d247fae68c,200,2021-03-06T00:02:33.301522,,
1327574,application/zip,1.233,2da2e306ec5bde3853000dd2b73a3c792c8e6f9009e4448b83510d1acbfc8ad6,636ac78dd9a11bc5360057135ec930f8a824639d57b44ce51e0f94e993f00a1b,200,2021-03-06T00:02:33.301522,,
772405,application/xml;charset=UTF-8,5.724,201c08f03d060f21f71bc93e64b7b166a6e2f34ccb772d19fbf2e3ec2084cdeb,94663ccb2e254c62cf207de4cf579975c8a013f8cbe043e51dab0614513b188f,200,2021-03-07T00:02:44.868692,,
25342,application/x-zip-compressed,0.895,20c877c9ce9fbc8d81db2a840d2950b675fc04ca54095b38a273531b91626c28,c3d7c9bef302520fc5adbbf9e3bf2d8f3f166e113b2dfe08354dd7d247fae68c,200,2021-03-07T00:02:44.868692,,
1327574,application/zip,1.218,2da2e306ec5bde3853000dd2b73a3c792c8e6f9009e4448b83510d1acbfc8ad6,636ac78dd9a11bc5360057135ec930f8a824639d57b44ce51e0f94e993f00a1b,200,2021-03-07T00:02:44.868692,,
772405,application/xml;charset=UTF-8,26.584,201c08f03d060f21f71bc93e64b7b166a6e2f34ccb772d19fbf2e3ec2084cdeb,620880fb73948bebfc29b646685110663b0743b5bd0d73cfd8900d77945cc48c,200,2021-03-08T00:02:32.911102,,
25342,application/x-zip-compressed,0.571,20c877c9ce9fbc8d81db2a840d2950b675fc04ca54095b38a273531b91626c28,c3d7c9bef302520fc5adbbf9e3bf2d8f3f166e113b2dfe08354dd7d247fae68c,200,2021-03-08T00:02:32.911102,,
1327574,application/zip,1.313,2da2e306ec5bde3853000dd2b73a3c792c8e6f9009e4448b83510d1acbfc8ad6,636ac78dd9a11bc5360057135ec930f8a824639d57b44ce51e0f94e993f00a1b,200,2021-03-08T00:02:32.911102,,
772405,application/xml;charset=UTF-8,8.176,201c08f03d060f21f71bc93e64b7b166a6e2f34ccb772d19fbf2e3ec2084cdeb,677c965b32af5a291a122b178325ef38bb29b0ad28f07ddf66fcf19e766c7dac,200,2021-03-09T00:02:44.379885,,
25342,application/x-zip-compressed,0.615,20c877c9ce9fbc8d81db2a840d2950b675fc04ca54095b38a273531b91626c28,c3d7c9bef302520fc5adbbf9e3bf2d8f3f166e113b2dfe08354dd7d247fae68c,200,2021-03-09T00:02:44.379885,,
1327574,application/zip,1.263,2da2e306ec5bde3853000dd2b73a3c792c8e6f9009e4448b83510d1acbfc8ad6,636ac78dd9a11bc5360057135ec930f8a824639d57b44ce51e0f94e993f00a1b,200,2021-03-09T00:02:44.379885,,
772405,application/xml;charset=UTF-8,6.73,201c08f03d060f21f71bc93e64b7b166a6e2f34ccb772d19fbf2e3ec2084cdeb,d8db8d60c779d69e1160599e2dd01c0abb7b1525f43e188d8c343fe93c89987c,200,2021-03-10T00:02:44.926825,,
25342,application/x-zip-compressed,1.07,20c877c9ce9fbc8d81db2a840d2950b675fc04ca54095b38a273531b91626c28,c3d7c9bef302520fc5adbbf9e3bf2d8f3f166e113b2dfe08354dd7d247fae68c,200,2021-03-10T00:02:44.926825,,
1327574,application/zip,1.926,2da2e306ec5bde3853000dd2b73a3c792c8e6f9009e4448b83510d1acbfc8ad6,636ac78dd9a11bc5360057135ec930f8a824639d57b44ce51e0f94e993f00a1b,200,2021-03-10T00:02:44.926825,,
772405,application/xml;charset=UTF-8,5.824,201c08f03d060f21f71bc93e64b7b166a6e2f34ccb772d19fbf2e3ec2084cdeb,abd13166451dfaec1e16c5f8d7bc191f03d2ab9a397c12e4ef0f0c9af1c9bd0a,200,2021-03-11T00:03:44.789267,,
25342,application/x-zip-compressed,0.613,20c877c9ce9fbc8d81db2a840d2950b675fc04ca54095b38a273531b91626c28,c3d7c9bef302520fc5adbbf9e3bf2d8f3f166e113b2dfe08354dd7d247fae68c,200,2021-03-11T00:03:44.789267,,
1327574,application/zip,1.222,2da2e306ec5bde3853000dd2b73a3c792c8e6f9009e4448b83510d1acbfc8ad6,636ac78dd9a11bc5360057135ec930f8a824639d57b44ce51e0f94e993f00a1b,200,2021-03-11T00:03:44.789267,,
772405,application/xml;charset=UTF-8,6.594,201c08f03d060f21f71bc93e64b7b166a6e2f34ccb772d19fbf2e3ec2084cdeb,9d44a45e7ded96d41ef42bcad3777e6e766c8e1f3dd33a7dcf1cea63de90c17d,200,2021-03-12T00:03:36.715150,,
25342,application/x-zip-compressed,0.584,20c877c9ce9fbc8d81db2a840d2950b675fc04ca54095b38a273531b91626c28,c3d7c9bef302520fc5adbbf9e3bf2d8f3f166e113b2dfe08354dd7d247fae68c,200,2021-03-12T00:03:36.715150,,
1327574,application/zip,1.472,2da2e306ec5bde3853000dd2b73a3c792c8e6f9009e4448b83510d1acbfc8ad6,636ac78dd9a11bc5360057135ec930f8a824639d57b44ce51e0f94e993f00a1b,200,2021-03-12T00:03:36.715150,,
772405,application/xml;charset=UTF-8,5.262,201c08f03d060f21f71bc93e64b7b166a6e2f34ccb772d19fbf2e3ec2084cdeb,c9141a3eaf31b383d1ad286c94b62b6084595d897b3edc7386d08758991a296d,200,2021-03-13T00:03:42.213343,,
25342,application/x-zip-compressed,0.662,20c877c9ce9fbc8d81db2a840d2950b675fc04ca54095b38a273531b91626c28,c3d7c9bef302520fc5adbbf9e3bf2d8f3f166e113b2dfe08354dd7d247fae68c,200,2021-03-13T00:03:42.213343,,
1327574,application/zip,1.292,2da2e306ec5bde3853000dd2b73a3c792c8e6f9009e4448b83510d1acbfc8ad6,636ac78dd9a11bc5360057135ec930f8a824639d57b44ce51e0f94e993f00a1b,200,2021-03-13T00:03:42.213343,,
772405,application/xml;charset=UTF-8,5.471,201c08f03d060f21f71bc93e64b7b166a6e2f34ccb772d19fbf2e3ec2084cdeb,191ebf759d9950fc3b18133f96e5e0b7f7065942616e3664b6e54b8e89f75379,200,2021-03-14T00:03:28.358909,,
25342,application/x-zip-compressed,0.621,20c877c9ce9fbc8d81db2a840d2950b675fc04ca54095b38a273531b91626c28,c3d7c9bef302520fc5adbbf9e3bf2d8f3f166e113b2dfe08354dd7d247fae68c,200,2021-03-14T00:03:28.358909,,
1327574,application/zip,1.229,2da2e306ec5bde3853000dd2b73a3c792c8e6f9009e4448b83510d1acbfc8ad6,636ac78dd9a11bc5360057135ec930f8a824639d57b44ce51e0f94e993f00a1b,200,2021-03-14T00:03:28.358909,,
772405,application/xml;charset=UTF-8,6.352,201c08f03d060f21f71bc93e64b7b166a6e2f34ccb772d19fbf2e3ec2084cdeb,7e434a824b61c3007d9c26c10a3ad5a1dffa114608eb8c7fd1d74a7338ad2d59,200,2021-03-15T00:04:09.862722,,
25342,application/x-zip-compressed,1.153,20c877c9ce9fbc8d81db2a840d2950b675fc04ca54095b38a273531b91626c28,c3d7c9bef302520fc5adbbf9e3bf2d8f3f166e113b2dfe08354dd7d247fae68c,200,2021-03-15T00:04:09.862722,,
1327574,application/zip,2.301,2da2e306ec5bde3853000dd2b73a3c792c8e6f9009e4448b83510d1acbfc8ad6,636ac78dd9a11bc5360057135ec930f8a824639d57b44ce51e0f94e993f00a1b,200,2021-03-15T00:04:09.862722,,
772405,application/xml;charset=UTF-8,5.341,201c08f03d060f21f71bc93e64b7b166a6e2f34ccb772d19fbf2e3ec2084cdeb,cf706e2081f2d9534c0cf9573e850f993ea17ebb9e079b6ccf97d75ec7508a82,200,2021-03-16T00:07:23.225916,,
25342,application/x-zip-compressed,0.6,20c877c9ce9fbc8d81db2a840d2950b675fc04ca54095b38a273531b91626c28,c3d7c9bef302520fc5adbbf9e3bf2d8f3f166e113b2dfe08354dd7d247fae68c,200,2021-03-16T00:07:23.225916,,
1327574,application/zip,1.246,2da2e306ec5bde3853000dd2b73a3c792c8e6f9009e4448b83510d1acbfc8ad6,636ac78dd9a11bc5360057135ec930f8a824639d57b44ce51e0f94e993f00a1b,200,2021-03-16T00:07:23.225916,,
772405,application/xml;charset=UTF-8,5.571,201c08f03d060f21f71bc93e64b7b166a6e2f34ccb772d19fbf2e3ec2084cdeb,fff710346949f61bc2dec5bf4d250d1d36ef97a17f1b3765c9d08bbfe87df882,200,2021-03-17T00:03:20.571104,,
25342,application/x-zip-compressed,0.599,20c877c9ce9fbc8d81db2a840d2950b675fc04ca54095b38a273531b91626c28,c3d7c9bef302520fc5adbbf9e3bf2d8f3f166e113b2dfe08354dd7d247fae68c,200,2021-03-17T00:03:20.571104,,
1327574,application/zip,1.229,2da2e306ec5bde3853000dd2b73a3c792c8e6f9009e4448b83510d1acbfc8ad6,636ac78dd9a11bc5360057135ec930f8a824639d57b44ce51e0f94e993f00a1b,200,2021-03-17T00:03:20.571104,,
772405,application/xml;charset=UTF-8,5.772,201c08f03d060f21f71bc93e64b7b166a6e2f34ccb772d19fbf2e3ec2084cdeb,7961eeb7ac65b2280ad9474e4dafdc55b8c8d947dd8895fc039ec9a69f3000ee,200,2021-03-18T00:03:20.744637,,
25342,application/x-zip-compressed,0.797,20c877c9ce9fbc8d81db2a840d2950b675fc04ca54095b38a273531b91626c28,c3d7c9bef302520fc5adbbf9e3bf2d8f3f166e113b2dfe08354dd7d247fae68c,200,2021-03-18T00:03:20.744637,,
1327574,application/zip,1.17,2da2e306ec5bde3853000dd2b73a3c792c8e6f9009e4448b83510d1acbfc8ad6,636ac78dd9a11bc5360057135ec930f8a824639d57b44ce51e0f94e993f00a1b,200,2021-03-18T00:03:20.744637,,
772405,application/xml;charset=UTF-8,5.953,201c08f03d060f21f71bc93e64b7b166a6e2f34ccb772d19fbf2e3ec2084cdeb,c4360c6acbc0817f74997439922f50a6e1769a1dffd9f118aeb0dc1387b102b2,200,2021-03-19T09:31:00.079847,,
25342,application/x-zip-compressed,0.628,20c877c9ce9fbc8d81db2a840d2950b675fc04ca54095b38a273531b91626c28,c3d7c9bef302520fc5adbbf9e3bf2d8f3f166e113b2dfe08354dd7d247fae68c,200,2021-03-19T09:31:00.079847,,
1327574,application/zip,1.517,2da2e306ec5bde3853000dd2b73a3c792c8e6f9009e4448b83510d1acbfc8ad6,636ac78dd9a11bc5360057135ec930f8a824639d57b44ce51e0f94e993f00a1b,200,2021-03-19T09:31:00.079847,,
772405,application/xml;charset=UTF-8,5.301,201c08f03d060f21f71bc93e64b7b166a6e2f34ccb772d19fbf2e3ec2084cdeb,2381b68b483c8db9ce99475fc69500bb54f64e1c7675313485634f32c83a9cb3,200,2021-03-20T00:06:47.918546,,
25342,application/x-zip-compressed,0.622,20c877c9ce9fbc8d81db2a840d2950b675fc04ca54095b38a273531b91626c28,c3d7c9bef302520fc5adbbf9e3bf2d8f3f166e113b2dfe08354dd7d247fae68c,200,2021-03-20T00:06:47.918546,,
1327574,application/zip,1.632,2da2e306ec5bde3853000dd2b73a3c792c8e6f9009e4448b83510d1acbfc8ad6,636ac78dd9a11bc5360057135ec930f8a824639d57b44ce51e0f94e993f00a1b,200,2021-03-20T00:06:47.918546,,
772405,application/xml;charset=UTF-8,26.779,201c08f03d060f21f71bc93e64b7b166a6e2f34ccb772d19fbf2e3ec2084cdeb,6c923184cd2a2d6b59bd980576bda18962773b0e635f01521ad4c3370c03a3f2,200,2021-03-21T00:03:35.945808,,
25342,application/x-zip-compressed,0.666,20c877c9ce9fbc8d81db2a840d2950b675fc04ca54095b38a273531b91626c28,c3d7c9bef302520fc5adbbf9e3bf2d8f3f166e113b2dfe08354dd7d247fae68c,200,2021-03-21T00:03:35.945808,,
1327574,application/zip,1.326,2da2e306ec5bde3853000dd2b73a3c792c8e6f9009e4448b83510d1acbfc8ad6,636ac78dd9a11bc5360057135ec930f8a824639d57b44ce51e0f94e993f00a1b,200,2021-03-21T00:03:35.945808,,
772405,application/xml;charset=UTF-8,6.326,201c08f03d060f21f71bc93e64b7b166a6e2f34ccb772d19fbf2e3ec2084cdeb,96521aca2c74dc42be82d2ad1d980cbbb435dc3a472303d2d8d12bd2972f7ab4,200,2021-03-22T00:08:28.235446,,
25342,application/x-zip-compressed,1.077,20c877c9ce9fbc8d81db2a840d2950b675fc04ca54095b38a273531b91626c28,c3d7c9bef302520fc5adbbf9e3bf2d8f3f166e113b2dfe08354dd7d247fae68c,200,2021-03-22T00:08:28.235446,,
1327574,application/zip,2.522,2da2e306ec5bde3853000dd2b73a3c792c8e6f9009e4448b83510d1acbfc8ad6,636ac78dd9a11bc5360057135ec930f8a824639d57b44ce51e0f94e993f00a1b,200,2021-03-22T00:08:28.235446,,
0,,0.629,201c08f03d060f21f71bc93e64b7b166a6e2f34ccb772d19fbf2e3ec2084cdeb,,404,2021-03-23T00:03:33.897368,,
25342,application/x-zip-compressed,0.6,20c877c9ce9fbc8d81db2a840d2950b675fc04ca54095b38a273531b91626c28,c3d7c9bef302520fc5adbbf9e3bf2d8f3f166e113b2dfe08354dd7d247fae68c,200,2021-03-23T00:03:33.897368,,
1327574,application/zip,1.293,2da2e306ec5bde3853000dd2b73a3c792c8e6f9009e4448b83510d1acbfc8ad6,636ac78dd9a11bc5360057135ec930f8a824639d57b44ce51e0f94e993f00a1b,200,2021-03-23T00:03:33.897368,,
772405,application/xml;charset=UTF-8,6.679,201c08f03d060f21f71bc93e64b7b166a6e2f34ccb772d19fbf2e3ec2084cdeb,39f7782f87ce225eae74eb95b83c2d1f7329ef59a363d8a93b142f375a7a3a1e,200,2021-03-24T00:03:37.628460,,
25342,application/x-zip-compressed,0.643,20c877c9ce9fbc8d81db2a840d2950b675fc04ca54095b38a273531b91626c28,c3d7c9bef302520fc5adbbf9e3bf2d8f3f166e113b2dfe08354dd7d247fae68c,200,2021-03-24T00:03:37.628460,,
1327574,application/zip,1.295,2da2e306ec5bde3853000dd2b73a3c792c8e6f9009e4448b83510d1acbfc8ad6,636ac78dd9a11bc5360057135ec930f8a824639d57b44ce51e0f94e993f00a1b,200,2021-03-24T00:03:37.628460,,
772405,application/xml;charset=UTF-8,5.965,201c08f03d060f21f71bc93e64b7b166a6e2f34ccb772d19fbf2e3ec2084cdeb,1d237a5232508cb77e65d328a6f30773ce12722fbf97e79bfc3d096c05fcc8f9,200,2021-03-25T00:06:18.899223,,
25342,application/x-zip-compressed,0.542,20c877c9ce9fbc8d81db2a840d2950b675fc04ca54095b38a273531b91626c28,c3d7c9bef302520fc5adbbf9e3bf2d8f3f166e113b2dfe08354dd7d247fae68c,200,2021-03-25T00:06:18.899223,,
1327574,application/zip,1.147,2da2e306ec5bde3853000dd2b73a3c792c8e6f9009e4448b83510d1acbfc8ad6,636ac78dd9a11bc5360057135ec930f8a824639d57b44ce51e0f94e993f00a1b,200,2021-03-25T00:06:18.899223,,
772405,application/xml;charset=UTF-8,6.215,201c08f03d060f21f71bc93e64b7b166a6e2f34ccb772d19fbf2e3ec2084cdeb,7cc82d6d154ae9cd0e64b3db927420b02f2f7fcc10e0d043a3a98f47ae46b50e,200,2021-03-26T00:05:47.249499,,
25342,application/x-zip-compressed,0.757,20c877c9ce9fbc8d81db2a840d2950b675fc04ca54095b38a273531b91626c28,c3d7c9bef302520fc5adbbf9e3bf2d8f3f166e113b2dfe08354dd7d247fae68c,200,2021-03-26T00:05:47.249499,,
1327574,application/zip,1.59,2da2e306ec5bde3853000dd2b73a3c792c8e6f9009e4448b83510d1acbfc8ad6,636ac78dd9a11bc5360057135ec930f8a824639d57b44ce51e0f94e993f00a1b,200,2021-03-26T00:05:47.249499,,
772405,application/xml;charset=UTF-8,5.509,201c08f03d060f21f71bc93e64b7b166a6e2f34ccb772d19fbf2e3ec2084cdeb,f1c31853821a220b99f8eefd8d57d61c4e295825c6f96eef46271cecf30ccee7,200,2021-03-27T00:02:53.784202,,
25342,application/x-zip-compressed,2.02,20c877c9ce9fbc8d81db2a840d2950b675fc04ca54095b38a273531b91626c28,c3d7c9bef302520fc5adbbf9e3bf2d8f3f166e113b2dfe08354dd7d247fae68c,200,2021-03-27T00:02:53.784202,,
1327574,application/zip,1.523,2da2e306ec5bde3853000dd2b73a3c792c8e6f9009e4448b83510d1acbfc8ad6,636ac78dd9a11bc5360057135ec930f8a824639d57b44ce51e0f94e993f00a1b,200,2021-03-27T00:02:53.784202,,
772405,application/xml;charset=UTF-8,6.28,201c08f03d060f21f71bc93e64b7b166a6e2f34ccb772d19fbf2e3ec2084cdeb,99e67a68210e5689f4892be609c3c8de1010573d5a1853756da0b5a25649acfd,200,2021-03-28T00:03:08.753610,,
25342,application/x-zip-compressed,0.6,20c877c9ce9fbc8d81db2a840d2950b675fc04ca54095b38a273531b91626c28,c3d7c9bef302520fc5adbbf9e3bf2d8f3f166e113b2dfe08354dd7d247fae68c,200,2021-03-28T00:03:08.753610,,
1327574,application/zip,5.629,2da2e306ec5bde3853000dd2b73a3c792c8e6f9009e4448b83510d1acbfc8ad6,636ac78dd9a11bc5360057135ec930f8a824639d57b44ce51e0f94e993f00a1b,200,2021-03-28T00:03:08.753610,,
772405,application/xml;charset=UTF-8,5.754,201c08f03d060f21f71bc93e64b7b166a6e2f34ccb772d19fbf2e3ec2084cdeb,941f914a19434aac5abeb8a316924b3dac6a5067a4b6e375adac102a7323a8da,200,2021-03-29T00:03:30.253297,,
25342,application/x-zip-compressed,0.853,20c877c9ce9fbc8d81db2a840d2950b675fc04ca54095b38a273531b91626c28,c3d7c9bef302520fc5adbbf9e3bf2d8f3f166e113b2dfe08354dd7d247fae68c,200,2021-03-29T00:03:30.253297,,
1327574,application/zip,1.208,2da2e306ec5bde3853000dd2b73a3c792c8e6f9009e4448b83510d1acbfc8ad6,636ac78dd9a11bc5360057135ec930f8a824639d57b44ce51e0f94e993f00a1b,200,2021-03-29T00:03:30.253297,,
772405,application/xml;charset=UTF-8,6.483,201c08f03d060f21f71bc93e64b7b166a6e2f34ccb772d19fbf2e3ec2084cdeb,cfceaf2234694defd08d035bdb70285e309db08d56bbee780e84eaec4548c4e3,200,2021-03-30T00:02:53.104614,,
25342,application/x-zip-compressed,0.641,20c877c9ce9fbc8d81db2a840d2950b675fc04ca54095b38a273531b91626c28,c3d7c9bef302520fc5adbbf9e3bf2d8f3f166e113b2dfe08354dd7d247fae68c,200,2021-03-30T00:02:53.104614,,
1327574,application/zip,1.196,2da2e306ec5bde3853000dd2b73a3c792c8e6f9009e4448b83510d1acbfc8ad6,636ac78dd9a11bc5360057135ec930f8a824639d57b44ce51e0f94e993f00a1b,200,2021-03-30T00:02:53.104614,,
772405,application/xml;charset=UTF-8,5.969,201c08f03d060f21f71bc93e64b7b166a6e2f34ccb772d19fbf2e3ec2084cdeb,50dc598d32427d9b4284bc11e64bbf679d2f2adf5bc63dad6d0e9bc71eb7b297,200,2021-03-31T00:02:58.220014,,
25342,application/x-zip-compressed,0.779,20c877c9ce9fbc8d81db2a840d2950b675fc04ca54095b38a273531b91626c28,c3d7c9bef302520fc5adbbf9e3bf2d8f3f166e113b2dfe08354dd7d247fae68c,200,2021-03-31T00:02:58.220014,,
1327574,application/zip,1.275,2da2e306ec5bde3853000dd2b73a3c792c8e6f9009e4448b83510d1acbfc8ad6,636ac78dd9a11bc5360057135ec930f8a824639d57b44ce51e0f94e993f00a1b,200,2021-03-31T00:02:58.220014,,
772405,application/xml;charset=UTF-8,6.015,201c08f03d060f21f71bc93e64b7b166a6e2f34ccb772d19fbf2e3ec2084cdeb,fb2be54b3b5666e6ae60195fc6c454cf5c5d38a39fbe36330c5d3a37f5e48a1c,200,2021-04-01T00:03:43.928438,,
25342,application/x-zip-compressed,0.728,20c877c9ce9fbc8d81db2a840d2950b675fc04ca54095b38a273531b91626c28,c3d7c9bef302520fc5adbbf9e3bf2d8f3f166e113b2dfe08354dd7d247fae68c,200,2021-04-01T00:03:43.928438,,
1327574,application/zip,1.283,2da2e306ec5bde3853000dd2b73a3c792c8e6f9009e4448b83510d1acbfc8ad6,636ac78dd9a11bc5360057135ec930f8a824639d57b44ce51e0f94e993f00a1b,200,2021-04-01T00:03:43.928438,,
