resource,bytes,organisations,endpoints,start-date,end-date
012f8388464f722b48b7ea94b7edb69aef9454c8a806c1e95f699a02baaff11d,772405,local-authority-eng:CON,201c08f03d060f21f71bc93e64b7b166a6e2f34ccb772d19fbf2e3ec2084cdeb,2021-04-22,2021-04-22
021556e1238ce2849e78ecbf9f45f3f6cb3067597a21af2cec695a6f1ef4be3d,709091,local-authority-eng:CON,201c08f03d060f21f71bc93e64b7b166a6e2f34ccb772d19fbf2e3ec2084cdeb,2021-10-02,2021-10-02
02ba08027dd5e4cb8a11fcafc642f817402e5e66b686ad1c45eea2304e645d67,772405,local-authority-eng:CON,201c08f03d060f21f71bc93e64b7b166a6e2f34ccb772d19fbf2e3ec2084cdeb,2021-04-10,2021-04-10
02ff581edb502677416a3dbf879a3e3502781e524367c037c95196b3d34a3d64,709091,local-authority-eng:CON,201c08f03d060f21f71bc93e64b7b166a6e2f34ccb772d19fbf2e3ec2084cdeb,2021-12-12,2021-12-12
033560d894978113cca4a1d160a83aaadd6959f1d38eabd6b73f775a977032ae,709091,local-authority-eng:CON,201c08f03d060f21f71bc93e64b7b166a6e2f34ccb772d19fbf2e3ec2084cdeb,2021-07-24,2021-07-24
04b7018ce73f6b1b43912306bc1da795f1458fa1e1161f752ba8d7a65373457b,709091,local-authority-eng:CON,201c08f03d060f21f71bc93e64b7b166a6e2f34ccb772d19fbf2e3ec2084cdeb,2021-12-03,2021-12-03
04d6672fbfe372c6d331f55de5577921aa0fb66f57e2a00955dc70215bfbe2b4,833212,local-authority-eng:CON,201c08f03d060f21f71bc93e64b7b166a6e2f34ccb772d19fbf2e3ec2084cdeb,2021-02-04,2021-02-04
05db7feb12a46a42ecfa44213461b380d30202d2db60942b4d1a944fe9186478,709091,local-authority-eng:CON,201c08f03d060f21f71bc93e64b7b166a6e2f34ccb772d19fbf2e3ec2084cdeb,2021-11-27,2021-11-27
06fd8acc65c94b7eb07419b40050567ed0faf72db239c7912020fce71e06ee6a,833212,local-authority-eng:CON,201c08f03d060f21f71bc93e64b7b166a6e2f34ccb772d19fbf2e3ec2084cdeb,2021-01-01,2021-01-01
078d222f3e798db8a1171fbbc1c7b380f74a48847f2135f9d5eca8842083fb6f,833212,local-authority-eng:CON,201c08f03d060f21f71bc93e64b7b166a6e2f34ccb772d19fbf2e3ec2084cdeb,2021-01-24,2021-01-24
07e5f1f7fdd64c8d1bb6a4bec45337d36be0b3c8d626ef536d2d2e150c1422e6,772405,local-authority-eng:CON,201c08f03d060f21f71bc93e64b7b166a6e2f34ccb772d19fbf2e3ec2084cdeb,2021-02-22,2021-02-22
086c1d408579cda1f07c5c5fee85d6fa433532634e21fd62e12c1c5ef75d91d1,709091,local-authority-eng:CON,201c08f03d060f21f71bc93e64b7b166a6e2f34ccb772d19fbf2e3ec2084cdeb,2021-10-24,2021-10-24
09570ff6582bc7d6fb04e8513a10c26f8eadababb022969ee3e82aab085ee375,709091,local-authority-eng:CON,201c08f03d060f21f71bc93e64b7b166a6e2f34ccb772d19fbf2e3ec2084cdeb,2021-09-28,2021-09-28
09b177ec376e8f1b1c89b1ad1fa77468637214618d7dda048ba6685dd057a288,709091,local-authority-eng:CON,201c08f03d060f21f71bc93e64b7b166a6e2f34ccb772d19fbf2e3ec2084cdeb,2021-08-31,2021-08-31
0a09636fb81e6a3f1be59717848f249ce1a5c66541f07da67740c410dbc70af2,709091,local-authority-eng:CON,201c08f03d060f21f71bc93e64b7b166a6e2f34ccb772d19fbf2e3ec2084cdeb,2021-11-09,2021-11-09
0a0da506b8619205917a7d4474685dc296ffada7da1c04934d3bb44e784ae6ec,833212,local-authority-eng:CON,201c08f03d060f21f71bc93e64b7b166a6e2f34ccb772d19fbf2e3ec2084cdeb,2021-01-23,2021-01-23
0a7182748618a1c1e717cda1b248e20eb2ca02830b46ed06a957a68356c0ba21,709091,local-authority-eng:CON,201c08f03d060f21f71bc93e64b7b166a6e2f34ccb772d19fbf2e3ec2084cdeb,2021-11-02,2021-11-02
0b9a8548c64e6a946b7638e8b18d1b6b0fdaef57c400a6e046a64bfcc9bf5049,709091,local-authority-eng:CON,201c08f03d060f21f71bc93e64b7b166a6e2f34ccb772d19fbf2e3ec2084cdeb,2021-10-26,2021-10-26
0c9dfc5cc4c3d3e150cf0a4b92f3405f1b2031134ea25493aa402992c2204ae7,709091,local-authority-eng:CON,201c08f03d060f21f71bc93e64b7b166a6e2f34ccb772d19fbf2e3ec2084cdeb,2021-09-01,2021-09-01
0d878bcc09454ced695f1bb42e575059f0e176324dcd6b5f3d07e50741d9bc11,871103,local-authority-eng:CON,201c08f03d060f21f71bc93e64b7b166a6e2f34ccb772d19fbf2e3ec2084cdeb,2021-12-26,2021-12-26
115440da9f9f4c660eaa6ee96fc5238a99f16792385d7af94c5558b1f2fdb187,709091,local-authority-eng:CON,201c08f03d060f21f71bc93e64b7b166a6e2f34ccb772d19fbf2e3ec2084cdeb,2021-08-26,2021-08-26
11f377efe377d734305771562d21eb36ec4be1f278bc783c1bd79d48ae0e4681,871103,local-authority-eng:CON,201c08f03d060f21f71bc93e64b7b166a6e2f34ccb772d19fbf2e3ec2084cdeb,2021-12-31,2021-12-31
1298b6a72144187444418f52f5b20eb91b361f0ab7a5075e658bed82235d9f37,709091,local-authority-eng:CON,201c08f03d060f21f71bc93e64b7b166a6e2f34ccb772d19fbf2e3ec2084cdeb,2021-10-08,2021-10-08
134883f18876c74014e0afb7a22ef325e53a69de45a6a789d23e86e73dca1a4b,709091,local-authority-eng:CON,201c08f03d060f21f71bc93e64b7b166a6e2f34ccb772d19fbf2e3ec2084cdeb,2021-10-16,2021-10-16
13c8e221982efcb46bbbb98578d1dddbfe166e5957fe9f37e61c03e3bcba3ca0,772405,local-authority-eng:CON,201c08f03d060f21f71bc93e64b7b166a6e2f34ccb772d19fbf2e3ec2084cdeb,2021-04-17,2021-04-17
1438ca8beb5bdadc359daaf0aa84235f41359d42435a912f5c379629dcdac871,709091,local-authority-eng:CON,201c08f03d060f21f71bc93e64b7b166a6e2f34ccb772d19fbf2e3ec2084cdeb,2021-08-21,2021-08-21
1659c78f422c3d46629551603dd6a514320b746406cb64eaaad462895a08a39b,772405,local-authority-eng:CON,201c08f03d060f21f71bc93e64b7b166a6e2f34ccb772d19fbf2e3ec2084cdeb,2021-04-04,2021-04-04
1682c2006038a2844906df351b481053a2880b0498a1b489c6780c4b6d660c98,871103,local-authority-eng:CON,201c08f03d060f21f71bc93e64b7b166a6e2f34ccb772d19fbf2e3ec2084cdeb,2022-01-02,2022-01-02
173ce724368fdf9793b1615173ad1673fc488bb953a3ec279c730b7bae307e44,709091,local-authority-eng:CON,201c08f03d060f21f71bc93e64b7b166a6e2f34ccb772d19fbf2e3ec2084cdeb,2021-12-13,2021-12-13
17706cc5279a35430eb503512480d1453ad06c20a756a95a915110510df0863b,772405,local-authority-eng:CON,201c08f03d060f21f71bc93e64b7b166a6e2f34ccb772d19fbf2e3ec2084cdeb,2021-04-14,2021-04-14
182e21c93e0ad019afa4ccf0e8133582f565caea8df6719bfac068854f96b76b,833212,local-authority-eng:CON,201c08f03d060f21f71bc93e64b7b166a6e2f34ccb772d19fbf2e3ec2084cdeb,2021-01-17,2021-01-17
1897f7fd46f8394a7f07ef53aae67c43f28caa7aaff343d4c98ff26fb044ebf3,709091,local-authority-eng:CON,201c08f03d060f21f71bc93e64b7b166a6e2f34ccb772d19fbf2e3ec2084cdeb,2021-10-29,2021-10-29
18b15671accecabfe841094ea9dd0df504a448a6cf3381310cd5b2e888aed691,709091,local-authority-eng:CON,201c08f03d060f21f71bc93e64b7b166a6e2f34ccb772d19fbf2e3ec2084cdeb,2021-10-14,2021-10-14
191ebf759d9950fc3b18133f96e5e0b7f7065942616e3664b6e54b8e89f75379,772405,local-authority-eng:CON,201c08f03d060f21f71bc93e64b7b166a6e2f34ccb772d19fbf2e3ec2084cdeb,2021-03-14,2021-03-14
1989acaf1e900091fc7b83a99955f31781f9fb9d6ee1b104a770883082fb8dc3,709091,local-authority-eng:CON,201c08f03d060f21f71bc93e64b7b166a6e2f34ccb772d19fbf2e3ec2084cdeb,2021-07-18,2021-07-18
1a90562478dc0127a827b0d632349f84ceca61c53bbed839c7a90c022779c917,772405,local-authority-eng:CON,201c08f03d060f21f71bc93e64b7b166a6e2f34ccb772d19fbf2e3ec2084cdeb,2021-05-01,2021-05-01
1d237a5232508cb77e65d328a6f30773ce12722fbf97e79bfc3d096c05fcc8f9,772405,local-authority-eng:CON,201c08f03d060f21f71bc93e64b7b166a6e2f34ccb772d19fbf2e3ec2084cdeb,2021-03-25,2021-03-25
1e5d6da4145f0e766caaf133bc750249a30039eab4cd7f798186dbb929b28607,772405,local-authority-eng:CON,201c08f03d060f21f71bc93e64b7b166a6e2f34ccb772d19fbf2e3ec2084cdeb,2021-04-29,2021-04-29
1f4c76b164bbed8613f191fd7468fd098f327383827b2d9832afe8b795aca579,709091,local-authority-eng:CON,201c08f03d060f21f71bc93e64b7b166a6e2f34ccb772d19fbf2e3ec2084cdeb,2021-12-14,2021-12-14
1fff9adfa821d79daa50231329a27a4b06923e6c9b04c4ce982a39f95438139c,871103,local-authority-eng:CON,201c08f03d060f21f71bc93e64b7b166a6e2f34ccb772d19fbf2e3ec2084cdeb,2022-01-06,2022-01-06
214afb2ccb1a92aff2b00092f5e4e111b0f1805c7501e51593362fca12df8006,871103,local-authority-eng:CON,201c08f03d060f21f71bc93e64b7b166a6e2f34ccb772d19fbf2e3ec2084cdeb,2021-12-24,2021-12-24
21e588656b6af1a30e75d040339de10d5fa610e975ea14fcef6874c727f3506e,833212,local-authority-eng:CON,201c08f03d060f21f71bc93e64b7b166a6e2f34ccb772d19fbf2e3ec2084cdeb,2020-12-28,2020-12-28
22e3124d48bd3c197e50c9719f8e84a48e448cecbf65083ae967fe9b17c56414,709091,local-authority-eng:CON,201c08f03d060f21f71bc93e64b7b166a6e2f34ccb772d19fbf2e3ec2084cdeb,2021-10-27,2021-10-27
2381b68b483c8db9ce99475fc69500bb54f64e1c7675313485634f32c83a9cb3,772405,local-authority-eng:CON,201c08f03d060f21f71bc93e64b7b166a6e2f34ccb772d19fbf2e3ec2084cdeb,2021-03-20,2021-03-20
23a3b4175c72b4f01782d085651c951484e80ee672085289b4fc4b1204aad65f,709091,local-authority-eng:CON,201c08f03d060f21f71bc93e64b7b166a6e2f34ccb772d19fbf2e3ec2084cdeb,2021-10-17,2021-10-17
255b1aec8857c722f4092ac9d2393ca667afd68061b20dd311651ea75fd7f4f2,709091,local-authority-eng:CON,201c08f03d060f21f71bc93e64b7b166a6e2f34ccb772d19fbf2e3ec2084cdeb,2021-09-09,2021-09-09
255d86102be07e5a9e82c4c0c295f4d48cd6d77ac119b2e25385ad08d61ed55c,709091,local-authority-eng:CON,201c08f03d060f21f71bc93e64b7b166a6e2f34ccb772d19fbf2e3ec2084cdeb,2021-11-07,2021-11-07
25f172f7684a42474b4ba846971b7d19d9761eae42b29b5016027371543a6308,833212,local-authority-eng:CON,201c08f03d060f21f71bc93e64b7b166a6e2f34ccb772d19fbf2e3ec2084cdeb,2021-01-25,2021-01-25
26e6319bd29ab65cbb1fb9632cfc5b832ac0b9bfe43ad0245227e268c0979aea,709091,local-authority-eng:CON,201c08f03d060f21f71bc93e64b7b166a6e2f34ccb772d19fbf2e3ec2084cdeb,2021-08-27,2021-08-27
279fb6c94a26b2d29d98221cace2f0cc33a9180f756e50de7751ee887b0b4caf,833212,local-authority-eng:CON,201c08f03d060f21f71bc93e64b7b166a6e2f34ccb772d19fbf2e3ec2084cdeb,2021-02-03,2021-02-03
29351305fc7364e30793930b200a715458303a14847314c9108c0648d1be68d3,709091,local-authority-eng:CON,201c08f03d060f21f71bc93e64b7b166a6e2f34ccb772d19fbf2e3ec2084cdeb,2021-12-05,2021-12-05
2c2d0bdcc2eefb798aaaabcb350006fa57e154857d430f7196950af038475145,709091,local-authority-eng:CON,201c08f03d060f21f71bc93e64b7b166a6e2f34ccb772d19fbf2e3ec2084cdeb,2021-10-06,2021-10-06
2e0a335c2ac2dee170c334a5943a55bd557af24945de8c74af5b0a3bd786db9b,833212,local-authority-eng:CON,201c08f03d060f21f71bc93e64b7b166a6e2f34ccb772d19fbf2e3ec2084cdeb,2021-01-10,2021-01-10
2e6f8ffbefc27e68bce0dcd7cd25dd60c00ed57e8d48b0db69862e0466bcf598,709091,local-authority-eng:CON,201c08f03d060f21f71bc93e64b7b166a6e2f34ccb772d19fbf2e3ec2084cdeb,2021-11-22,2021-11-22
300a7bb054c4d1e7c5a5f4c86878408d34eb6cf18160efa88480310b5bf32dde,709091,local-authority-eng:CON,201c08f03d060f21f71bc93e64b7b166a6e2f34ccb772d19fbf2e3ec2084cdeb,2021-07-22,2021-07-22
327f685ddfc0a84933757136ec777496547a91c505f21d584ed0e0a501f90afd,709091,local-authority-eng:CON,201c08f03d060f21f71bc93e64b7b166a6e2f34ccb772d19fbf2e3ec2084cdeb,2021-07-26,2021-07-26
32f902900faf8f22efb7bb28a6d53f3b0c30508338af9e6b157c1b41882cd60e,709091,local-authority-eng:CON,201c08f03d060f21f71bc93e64b7b166a6e2f34ccb772d19fbf2e3ec2084cdeb,2021-08-08,2021-08-08
33952e2bd8be77b429805ad4ea76d165c86a9dce678ac5af85fc6b7ab33b338e,772405,local-authority-eng:CON,201c08f03d060f21f71bc93e64b7b166a6e2f34ccb772d19fbf2e3ec2084cdeb,2021-05-06,2021-05-06
357b12084c385b5252173de7a5a471708df72a303246bfb3c3d1eab95242f5fb,871103,local-authority-eng:CON,201c08f03d060f21f71bc93e64b7b166a6e2f34ccb772d19fbf2e3ec2084cdeb,2022-01-07,2022-01-07
366cf3835b3c3b0eebe9b7437827562a965cded16cc522b004c48ff15a2c16c4,772405,local-authority-eng:CON,201c08f03d060f21f71bc93e64b7b166a6e2f34ccb772d19fbf2e3ec2084cdeb,2021-04-18,2021-04-18
38e7ee5418ab9f80699e92cd8c5c9c0a221b583c5946dbfd6571cd6af4d757fe,709091,local-authority-eng:CON,201c08f03d060f21f71bc93e64b7b166a6e2f34ccb772d19fbf2e3ec2084cdeb,2021-09-12,2021-09-12
38f4fef5ca17c9becde689aee8a17f3b72b437b3f986a73859862f6b21e9bc82,833212,local-authority-eng:CON,201c08f03d060f21f71bc93e64b7b166a6e2f34ccb772d19fbf2e3ec2084cdeb,2021-01-13,2021-01-13
394bd94288184efcc50e1da5642713b46d570f6737bf8e0e23b9ff3d119a7236,871103,local-authority-eng:CON,201c08f03d060f21f71bc93e64b7b166a6e2f34ccb772d19fbf2e3ec2084cdeb,2021-12-29,2021-12-29
395d1208c6fda1654416dd3d321213a47dc74a348de138dbf28508bfc5efdd98,833212,local-authority-eng:CON,201c08f03d060f21f71bc93e64b7b166a6e2f34ccb772d19fbf2e3ec2084cdeb,2021-02-12,2021-02-12
39f7782f87ce225eae74eb95b83c2d1f7329ef59a363d8a93b142f375a7a3a1e,772405,local-authority-eng:CON,201c08f03d060f21f71bc93e64b7b166a6e2f34ccb772d19fbf2e3ec2084cdeb,2021-03-24,2021-03-24
3a1fa1ccefcb869dd652392cede23ef648dceebc53af2d65fec7066cb7308bda,709091,local-authority-eng:CON,201c08f03d060f21f71bc93e64b7b166a6e2f34ccb772d19fbf2e3ec2084cdeb,2021-10-09,2021-10-09
3aa71e98d79850acd611682cd10eaa24bee40ac1525a70388037e37725721ee0,772405,local-authority-eng:CON,201c08f03d060f21f71bc93e64b7b166a6e2f34ccb772d19fbf2e3ec2084cdeb,2021-04-15,2021-04-15
3bfaa267fc07753d2eec797cabb4382cc92ce3a311db8a8a9d85b94609caf369,833212,local-authority-eng:CON,201c08f03d060f21f71bc93e64b7b166a6e2f34ccb772d19fbf2e3ec2084cdeb,2021-01-07,2021-01-07
3c5ca8aecf4a4d1f29dff2e80d5312d830d865e1af540c54f4ba085090991314,833212,local-authority-eng:CON,201c08f03d060f21f71bc93e64b7b166a6e2f34ccb772d19fbf2e3ec2084cdeb,2021-01-20,2021-01-20
3dc0c8c25755f4fbf20e849700f9945e979cc5ce411268f5b3a2740720237652,709091,local-authority-eng:CON,201c08f03d060f21f71bc93e64b7b166a6e2f34ccb772d19fbf2e3ec2084cdeb,2021-09-08,2021-09-08
3dc56affa23bd7c76c9dde11b575c3ba8656b17266d383daf6a8d0389a20653b,709091,local-authority-eng:CON,201c08f03d060f21f71bc93e64b7b166a6e2f34ccb772d19fbf2e3ec2084cdeb,2021-12-04,2021-12-04
3e8c34482a7d7b8f74b4e83aaa41c07c3d8f94ddf3bd15423c33cf7b036b1f87,772405,local-authority-eng:CON,201c08f03d060f21f71bc93e64b7b166a6e2f34ccb772d19fbf2e3ec2084cdeb,2021-04-27,2021-04-27
3ea7fb947c19a40f9f0641a4740a5a202825a2f2fc305b475c6b3a7601887bb4,709091,local-authority-eng:CON,201c08f03d060f21f71bc93e64b7b166a6e2f34ccb772d19fbf2e3ec2084cdeb,2021-08-01,2021-08-01
3fc1f91524103114fb02e61e481817e16066b06ac71bf64f4db71cff1bde90ec,709091,local-authority-eng:CON,201c08f03d060f21f71bc93e64b7b166a6e2f34ccb772d19fbf2e3ec2084cdeb,2021-08-15,2021-08-15
40ebd8b5695b00efa80f89bc2f075515e01e26144f3bd49117ba88d088a4aa8e,709091,local-authority-eng:CON,201c08f03d060f21f71bc93e64b7b166a6e2f34ccb772d19fbf2e3ec2084cdeb,2021-08-22,2021-08-22
41e8a6f8a6b0294e5fb25d7f5c29f016b7b32b043c18b9f9ba260817f7c72e38,709091,local-authority-eng:CON,201c08f03d060f21f71bc93e64b7b166a6e2f34ccb772d19fbf2e3ec2084cdeb,2021-07-19,2021-07-19
446535eb144656289c3ede14b1ad72a933e7d382323529b93d752446f5832c37,833212,local-authority-eng:CON,201c08f03d060f21f71bc93e64b7b166a6e2f34ccb772d19fbf2e3ec2084cdeb,2021-01-21,2021-01-21
4496295c179cec59ec7356b51aee71ea17bbefba5ebc55e524bb815152426bbb,772405,local-authority-eng:CON,201c08f03d060f21f71bc93e64b7b166a6e2f34ccb772d19fbf2e3ec2084cdeb,2021-04-02,2021-04-02
45b30f34706938f5b2a7daa0157e30e7735c49c43f30c68ed14500969c870161,833212,local-authority-eng:CON,201c08f03d060f21f71bc93e64b7b166a6e2f34ccb772d19fbf2e3ec2084cdeb,2020-12-29,2020-12-29
48ea73795065d35a705e26784606f4bf1e253e81e3ba8a699e94eba8dd0286dd,871103,local-authority-eng:CON,201c08f03d060f21f71bc93e64b7b166a6e2f34ccb772d19fbf2e3ec2084cdeb,2022-01-01,2022-01-01
4937248d25665282d883aaccc418c0ca3eb7a2f6e98b7991f8f3bb55ce33c49f,709091,local-authority-eng:CON,201c08f03d060f21f71bc93e64b7b166a6e2f34ccb772d19fbf2e3ec2084cdeb,2021-09-22,2021-09-22
49664ce34b364c347d217d9904b24779083a3936452971ae72de62231b994f1d,709091,local-authority-eng:CON,201c08f03d060f21f71bc93e64b7b166a6e2f34ccb772d19fbf2e3ec2084cdeb,2021-09-19,2021-09-19
49cd103018d6f1e77bd89726a3fea1cc9d65f541f3e746eb4b7bcca9c3821a92,833212,local-authority-eng:CON,201c08f03d060f21f71bc93e64b7b166a6e2f34ccb772d19fbf2e3ec2084cdeb,2021-01-22,2021-01-22
4bfc3441be780a61a0b1577720108d31a9342bd542023ab839a48376c83b9439,709091,local-authority-eng:CON,201c08f03d060f21f71bc93e64b7b166a6e2f34ccb772d19fbf2e3ec2084cdeb,2021-09-15,2021-09-15
4dca754cf9454afbd7cef292ed27181ea63fe5437c6d2a4f52474411e101d83f,501,local-authority-eng:CON,201c08f03d060f21f71bc93e64b7b166a6e2f34ccb772d19fbf2e3ec2084cdeb,2021-08-24,2021-08-24
4dec164dea6a6cb4d5d40d7bc22f2e1a142b2fa98070ee2a6734a20c916acba0,709091,local-authority-eng:CON,201c08f03d060f21f71bc93e64b7b166a6e2f34ccb772d19fbf2e3ec2084cdeb,2021-08-20,2021-08-20
4df1037773f5a536b5b263890a70e57763de34f55b6095b0924fa3e79feb833e,772405,local-authority-eng:CON,201c08f03d060f21f71bc93e64b7b166a6e2f34ccb772d19fbf2e3ec2084cdeb,2021-04-08,2021-04-08
4e05f98a383f5619e289629370fdfeaa6c20b443dd3e8215d552559e7e6f6d06,833212,local-authority-eng:CON,201c08f03d060f21f71bc93e64b7b166a6e2f34ccb772d19fbf2e3ec2084cdeb,2021-01-14,2021-01-14
4e46124c4e947bb82ba89aa917776766602f5b9132311bedb7ba561e487faaee,871103,local-authority-eng:CON,201c08f03d060f21f71bc93e64b7b166a6e2f34ccb772d19fbf2e3ec2084cdeb,2021-12-28,2021-12-28
4eac4771e9b49a13055cfda0086ba33ede6ecd9ab10efe7f9dff899200320cc1,709091,local-authority-eng:CON,201c08f03d060f21f71bc93e64b7b166a6e2f34ccb772d19fbf2e3ec2084cdeb,2021-10-12,2021-10-12
4eb8c32f1f4c01321e646aa94ad4fd91972b1cb54fcfc8944528d41347683744,709091,local-authority-eng:CON,201c08f03d060f21f71bc93e64b7b166a6e2f34ccb772d19fbf2e3ec2084cdeb,2021-07-28,2021-07-28
4edd47f64ff7c955f7fcf1d8df3b17f92817af5863260a3e6ef167d39073a8a1,772405,local-authority-eng:CON,201c08f03d060f21f71bc93e64b7b166a6e2f34ccb772d19fbf2e3ec2084cdeb,2021-04-28,2021-04-28
509b63e5e03b350ba81f2ec38ae151095565b37ab0a0f4832225a4cc20237d9e,709091,local-authority-eng:CON,201c08f03d060f21f71bc93e64b7b166a6e2f34ccb772d19fbf2e3ec2084cdeb,2021-12-19,2021-12-19
50bfa7847446bedb94b5e1e4bcf7deb04284b042fff397baf8d46b6225f49e17,709091,local-authority-eng:CON,201c08f03d060f21f71bc93e64b7b166a6e2f34ccb772d19fbf2e3ec2084cdeb,2021-11-08,2021-11-08
50dc598d32427d9b4284bc11e64bbf679d2f2adf5bc63dad6d0e9bc71eb7b297,772405,local-authority-eng:CON,201c08f03d060f21f71bc93e64b7b166a6e2f34ccb772d19fbf2e3ec2084cdeb,2021-03-31,2021-03-31
51ddce2064f808c59e7659f1fdf1be77c2bbecf0465f7ab13252e70b8fa8ecb8,709091,local-authority-eng:CON,201c08f03d060f21f71bc93e64b7b166a6e2f34ccb772d19fbf2e3ec2084cdeb,2021-10-15,2021-10-15
564ce2783bf17cf9b1b36b2831bf6fd4f211c8412848c016a4bf2cc8ee1f92ae,772405,local-authority-eng:CON,201c08f03d060f21f71bc93e64b7b166a6e2f34ccb772d19fbf2e3ec2084cdeb,2021-04-13,2021-04-13
581ad7494c93b57c318ddb0e86fb4c54cddd1db5e8a7b8761514e20c98ce9ccf,772405,local-authority-eng:CON,201c08f03d060f21f71bc93e64b7b166a6e2f34ccb772d19fbf2e3ec2084cdeb,2021-04-05,2021-04-05
59ee52062f8c3f8b628e4904942bf97566ff16bca4ad789744712874f6e07203,709091,local-authority-eng:CON,201c08f03d060f21f71bc93e64b7b166a6e2f34ccb772d19fbf2e3ec2084cdeb,2021-09-05,2021-09-05
5bbb22c0197e15d7182619fa0a77c0b1bbe1cf2e8b3561036f8bbbcbfc797eda,709091,local-authority-eng:CON,201c08f03d060f21f71bc93e64b7b166a6e2f34ccb772d19fbf2e3ec2084cdeb,2021-12-15,2021-12-15
5bfd9f5839a797e5f1755ae9e6134898f200e98a020cb95f8979470bb465b5d9,772405,local-authority-eng:CON,201c08f03d060f21f71bc93e64b7b166a6e2f34ccb772d19fbf2e3ec2084cdeb,2021-05-04,2021-05-04
5d32d0b908be066775916233f5d442f3a07c8727e9412e1287d0f2aac7888b02,709091,local-authority-eng:CON,201c08f03d060f21f71bc93e64b7b166a6e2f34ccb772d19fbf2e3ec2084cdeb,2021-12-18,2021-12-18
5dee85322ae5e77653420db4a960ae1faef29edc4d6a65201a5ffa2cdfa7680d,709091,local-authority-eng:CON,201c08f03d060f21f71bc93e64b7b166a6e2f34ccb772d19fbf2e3ec2084cdeb,2021-10-05,2021-10-05
5def881f8186ebc63116d118b92cecc604195ba8437c0ce800aab5a9196f29c1,833212,local-authority-eng:CON,201c08f03d060f21f71bc93e64b7b166a6e2f34ccb772d19fbf2e3ec2084cdeb,2021-02-17,2021-02-17
620880fb73948bebfc29b646685110663b0743b5bd0d73cfd8900d77945cc48c,772405,local-authority-eng:CON,201c08f03d060f21f71bc93e64b7b166a6e2f34ccb772d19fbf2e3ec2084cdeb,2021-03-08,2021-03-08
62d0312a7f04ae78cf653aabb82ac1a0bfc8405ba0e20cd35c2ca4dd67adb995,709091,local-authority-eng:CON,201c08f03d060f21f71bc93e64b7b166a6e2f34ccb772d19fbf2e3ec2084cdeb,2021-09-26,2021-09-26
630409c7456e77745f71bfa283369a2b2e11cae486f8bad58a0b58bee640e757,709091,local-authority-eng:CON,201c08f03d060f21f71bc93e64b7b166a6e2f34ccb772d19fbf2e3ec2084cdeb,2021-11-29,2021-11-29
63442edc561811cd6095f942291d15c54f4ecbd0926fe63574380882e923e257,833212,local-authority-eng:CON,201c08f03d060f21f71bc93e64b7b166a6e2f34ccb772d19fbf2e3ec2084cdeb,2021-02-16,2021-02-16
636ac78dd9a11bc5360057135ec930f8a824639d57b44ce51e0f94e993f00a1b,1327574,local-authority-eng:GLA,2da2e306ec5bde3853000dd2b73a3c792c8e6f9009e4448b83510d1acbfc8ad6,2020-12-22,
646334dce1e78a8f4ebc18a6d1ee64df5b0e282d91408276af4656f584e05a5c,772405,local-authority-eng:CON,201c08f03d060f21f71bc93e64b7b166a6e2f34ccb772d19fbf2e3ec2084cdeb,2021-02-23,2021-02-23
6502403e432b1a5538690a2de4af42a9f944e55bda7206858fed38600c5d38d4,709091,local-authority-eng:CON,201c08f03d060f21f71bc93e64b7b166a6e2f34ccb772d19fbf2e3ec2084cdeb,2021-09-30,2021-09-30
6619c93002ca38fc379cb927620349b44f61746a345ae5028a494945c2101661,709091,local-authority-eng:CON,201c08f03d060f21f71bc93e64b7b166a6e2f34ccb772d19fbf2e3ec2084cdeb,2021-12-09,2021-12-09
66418d56ad4d0f4b8f7c952909fa5d51ffde4c7081ddfc7a9c458e30a83e3c6f,709091,local-authority-eng:CON,201c08f03d060f21f71bc93e64b7b166a6e2f34ccb772d19fbf2e3ec2084cdeb,2021-10-10,2021-10-10
6715c8716d7fd3c3a73cd219429d17273849604b8f90aa0ed9df746c26f421ed,709091,local-authority-eng:CON,201c08f03d060f21f71bc93e64b7b166a6e2f34ccb772d19fbf2e3ec2084cdeb,2021-12-02,2021-12-02
67360b0b71877f00586f45d827d88ca6a819d7bf8465e6c8b2e58e263e05debc,709091,local-authority-eng:CON,201c08f03d060f21f71bc93e64b7b166a6e2f34ccb772d19fbf2e3ec2084cdeb,2021-08-11,2021-08-11
677c965b32af5a291a122b178325ef38bb29b0ad28f07ddf66fcf19e766c7dac,772405,local-authority-eng:CON,201c08f03d060f21f71bc93e64b7b166a6e2f34ccb772d19fbf2e3ec2084cdeb,2021-03-09,2021-03-09
6787538f9526286741289d19c6118e2978f453a8a5e9785c05b0db2c7857cd7d,709091,local-authority-eng:CON,201c08f03d060f21f71bc93e64b7b166a6e2f34ccb772d19fbf2e3ec2084cdeb,2021-10-18,2021-10-18
67c2055da95af63c731a91690518f8918a283eab0ae7e2e9726cc65434acf018,709091,local-authority-eng:CON,201c08f03d060f21f71bc93e64b7b166a6e2f34ccb772d19fbf2e3ec2084cdeb,2021-08-12,2021-08-12
688a7f57f7717cad704dd0a95722fb28179f7412b92bda6e6eaedfa3184d91df,709091,local-authority-eng:CON,201c08f03d060f21f71bc93e64b7b166a6e2f34ccb772d19fbf2e3ec2084cdeb,2021-09-06,2021-09-06
68cc903a45f031ab20ce314d4663e3c61ddec6b817173ae215264bfab79a5196,709091,local-authority-eng:CON,201c08f03d060f21f71bc93e64b7b166a6e2f34ccb772d19fbf2e3ec2084cdeb,2021-09-18,2021-09-18
6b6e94118cc416fd77b7f6c1bcb61e090d98c9c789e4e666a622bc894df13730,709091,local-authority-eng:CON,201c08f03d060f21f71bc93e64b7b166a6e2f34ccb772d19fbf2e3ec2084cdeb,2021-09-02,2021-09-02
6bf04331feee20cbc9397c6f364bdad14120450041359b36dcba4d4c3a9e3a7a,709091,local-authority-eng:CON,201c08f03d060f21f71bc93e64b7b166a6e2f34ccb772d19fbf2e3ec2084cdeb,2021-12-20,2021-12-20
6c923184cd2a2d6b59bd980576bda18962773b0e635f01521ad4c3370c03a3f2,772405,local-authority-eng:CON,201c08f03d060f21f71bc93e64b7b166a6e2f34ccb772d19fbf2e3ec2084cdeb,2021-03-21,2021-03-21
6c929772a5f0fd1db5ce19c44ab873bf6aa18f5f5fd83fa661e5f0931b3f564e,709091,local-authority-eng:CON,201c08f03d060f21f71bc93e64b7b166a6e2f34ccb772d19fbf2e3ec2084cdeb,2021-10-03,2021-10-03
6da56d849ace137c40f4360ed118bae11fd58a50ff7440f2ecb11aa57d13c6bd,709091,local-authority-eng:CON,201c08f03d060f21f71bc93e64b7b166a6e2f34ccb772d19fbf2e3ec2084cdeb,2021-09-07,2021-09-07
6f85a0089de7295eafd3e9701522c0c78e938b277897670ccc8c928c8d4892ed,871103,local-authority-eng:CON,201c08f03d060f21f71bc93e64b7b166a6e2f34ccb772d19fbf2e3ec2084cdeb,2022-01-03,2022-01-03
6fd73fc79094488264ea3da67375ce9e3ac704c2bb955de7d3b7195156a0e309,833212,local-authority-eng:CON,201c08f03d060f21f71bc93e64b7b166a6e2f34ccb772d19fbf2e3ec2084cdeb,2021-02-08,2021-02-08
703bf4d9b572a72d17bf3f54a30436d353d50402fbe69ee92aabe0bb53459132,833212,local-authority-eng:CON,201c08f03d060f21f71bc93e64b7b166a6e2f34ccb772d19fbf2e3ec2084cdeb,2021-01-30,2021-01-30
70cfaac2f96254c46583b2183ad6956782419230cdcc1c590c5ff99fa35dbf44,772405,local-authority-eng:CON,201c08f03d060f21f71bc93e64b7b166a6e2f34ccb772d19fbf2e3ec2084cdeb,2021-04-25,2021-04-25
71a4a9648fa695d9387ebb192f54275d9605c4aed99e539dd67c2e061424cad0,709091,local-authority-eng:CON,201c08f03d060f21f71bc93e64b7b166a6e2f34ccb772d19fbf2e3ec2084cdeb,2021-11-06,2021-11-06
7235c50d301974bc7049d1d99b6a23e2aec8ba3af975fc13f25e85a869f7d0d6,709091,local-authority-eng:CON,201c08f03d060f21f71bc93e64b7b166a6e2f34ccb772d19fbf2e3ec2084cdeb,2021-09-03,2021-09-03
7321727a365871eaacc9d189008a795c1d9233e31598c77a7e01b4163ed8d59d,833212,local-authority-eng:CON,201c08f03d060f21f71bc93e64b7b166a6e2f34ccb772d19fbf2e3ec2084cdeb,2021-01-02,2021-01-02
73cd5d8f99117a524bee0e178e231a50eccf81695197f28341d619f9118e397a,709091,local-authority-eng:CON,201c08f03d060f21f71bc93e64b7b166a6e2f34ccb772d19fbf2e3ec2084cdeb,2021-07-25,2021-07-25
73e7acce0d97a12270009415ec94dc7b8435a9b6d3c810b2af60b3509f71c231,709091,local-authority-eng:CON,201c08f03d060f21f71bc93e64b7b166a6e2f34ccb772d19fbf2e3ec2084cdeb,2021-12-10,2021-12-10
7477df09818fabab8da6e27e317e18ab311b71829a8a4ed5d9d65d93876f0552,833212,local-authority-eng:CON,201c08f03d060f21f71bc93e64b7b166a6e2f34ccb772d19fbf2e3ec2084cdeb,2021-01-06,2021-01-06
75d3896f4a7ad3d09f03287ea678fb66a3306f6260832c33401ba44b9a722e57,772405,local-authority-eng:CON,201c08f03d060f21f71bc93e64b7b166a6e2f34ccb772d19fbf2e3ec2084cdeb,2021-04-12,2021-04-12
75f0e51b80dd9afc326c71bf74f595cd7379dacb446ef05e72176ceb7c3c1c14,709091,local-authority-eng:CON,201c08f03d060f21f71bc93e64b7b166a6e2f34ccb772d19fbf2e3ec2084cdeb,2021-12-08,2021-12-08
7600abf72d59f62713a8ea164b1646ec96edc988ee4f5b59d2b525e8c23c4363,833212,local-authority-eng:CON,201c08f03d060f21f71bc93e64b7b166a6e2f34ccb772d19fbf2e3ec2084cdeb,2021-01-08,2021-01-08
7610fa96a76b1821c85c247af57fe13b1b80de79b257b7442b5366820db111be,709091,local-authority-eng:CON,201c08f03d060f21f71bc93e64b7b166a6e2f34ccb772d19fbf2e3ec2084cdeb,2021-11-24,2021-11-24
76c607daa1d7cefac0f5ec07fddaa2207adf20bfc3c7f030836f3cd6dd239c9e,833212,local-authority-eng:CON,201c08f03d060f21f71bc93e64b7b166a6e2f34ccb772d19fbf2e3ec2084cdeb,2020-12-27,2020-12-27
7839d12b97daea3463c5693811d58a4de300d90a45fb163834875778b53474a6,709091,local-authority-eng:CON,201c08f03d060f21f71bc93e64b7b166a6e2f34ccb772d19fbf2e3ec2084cdeb,2021-11-23,2021-11-23
7961eeb7ac65b2280ad9474e4dafdc55b8c8d947dd8895fc039ec9a69f3000ee,772405,local-authority-eng:CON,201c08f03d060f21f71bc93e64b7b166a6e2f34ccb772d19fbf2e3ec2084cdeb,2021-03-18,2021-03-18
7a6ed96d1c0598744545a37a6de424d963f77da84af5247343ed5e7b945b6e9b,709091,local-authority-eng:CON,201c08f03d060f21f71bc93e64b7b166a6e2f34ccb772d19fbf2e3ec2084cdeb,2021-07-17,2021-07-17
7b376bac3ef3b2c0402320e66b3c2321a05be8db85b7473fb13ff9c186438dee,772405,local-authority-eng:CON,201c08f03d060f21f71bc93e64b7b166a6e2f34ccb772d19fbf2e3ec2084cdeb,2021-04-03,2021-04-03
7c9d88d1bc5252827d6039bf1fb274e6ff47127c01584ed7e29e95ebd38d460d,871103,local-authority-eng:CON,201c08f03d060f21f71bc93e64b7b166a6e2f34ccb772d19fbf2e3ec2084cdeb,2022-01-09,
7cc82d6d154ae9cd0e64b3db927420b02f2f7fcc10e0d043a3a98f47ae46b50e,772405,local-authority-eng:CON,201c08f03d060f21f71bc93e64b7b166a6e2f34ccb772d19fbf2e3ec2084cdeb,2021-03-26,2021-03-26
7cf6e64e6e6aa70933f58383d04fad96cc5df040d79962d72e508a229e4bdb32,709091,local-authority-eng:CON,201c08f03d060f21f71bc93e64b7b166a6e2f34ccb772d19fbf2e3ec2084cdeb,2021-07-20,2021-07-20
7e434a824b61c3007d9c26c10a3ad5a1dffa114608eb8c7fd1d74a7338ad2d59,772405,local-authority-eng:CON,201c08f03d060f21f71bc93e64b7b166a6e2f34ccb772d19fbf2e3ec2084cdeb,2021-03-15,2021-03-15
7f1293f9c13bc62b23855f4dab1b4afaa2d00510e15c60f5a1d6023973c6091d,709091,local-authority-eng:CON,201c08f03d060f21f71bc93e64b7b166a6e2f34ccb772d19fbf2e3ec2084cdeb,2021-08-16,2021-08-16
7f18ce13aaa0aad4549b9938db6c0824ae39b0cc2c675a4604d06af4403fa78d,833212,local-authority-eng:CON,201c08f03d060f21f71bc93e64b7b166a6e2f34ccb772d19fbf2e3ec2084cdeb,2021-01-12,2021-01-12
7f4d06de644a861fe0325da374dabe9553d5c9857092627cdb82d4d6085bdba1,709091,local-authority-eng:CON,201c08f03d060f21f71bc93e64b7b166a6e2f34ccb772d19fbf2e3ec2084cdeb,2021-12-16,2021-12-16
7f691b6e6b11813eff5f385c97cadae01a7b71b065f171bd749456253dad4fd7,709091,local-authority-eng:CON,201c08f03d060f21f71bc93e64b7b166a6e2f34ccb772d19fbf2e3ec2084cdeb,2021-09-25,2021-09-25
8093958005eae8b3cdaaa9193c1a618e4cc16390a43e483f169d3b96d98bce48,709091,local-authority-eng:CON,201c08f03d060f21f71bc93e64b7b166a6e2f34ccb772d19fbf2e3ec2084cdeb,2021-10-22,2021-10-22
8138db79f6f2a482d5f548953f2ca04262ed14d74ff5f60f30c1487c103a2736,833212,local-authority-eng:CON,201c08f03d060f21f71bc93e64b7b166a6e2f34ccb772d19fbf2e3ec2084cdeb,2021-01-26,2021-01-26
813fbdeabb34cf7447f27d12be9c4371654f8d2aba592e076f6cdba9d2806684,709091,local-authority-eng:CON,201c08f03d060f21f71bc93e64b7b166a6e2f34ccb772d19fbf2e3ec2084cdeb,2021-11-05,2021-11-05
82cd9aeef82c62b731cad10512bd1b134f30ea0f5cc4f0ca752d6c1b0e50c3b5,772405,local-authority-eng:CON,201c08f03d060f21f71bc93e64b7b166a6e2f34ccb772d19fbf2e3ec2084cdeb,2021-02-24,2021-02-24
831066cbdcbd44938e7404f076fd449fed44b8d7976df256a13cf22f2d2e9b52,833212,local-authority-eng:CON,201c08f03d060f21f71bc93e64b7b166a6e2f34ccb772d19fbf2e3ec2084cdeb,2021-01-18,2021-01-18
844bb3c12b6e29d15bc3193d71c9b0eb17bf70c6732d18d30f5be5914364ee32,709091,local-authority-eng:CON,201c08f03d060f21f71bc93e64b7b166a6e2f34ccb772d19fbf2e3ec2084cdeb,2021-10-01,2021-10-01
851e776cff4d69d00edb762a75dfebed61e3fba33d929382eddc1ccea8d8e729,709091,local-authority-eng:CON,201c08f03d060f21f71bc93e64b7b166a6e2f34ccb772d19fbf2e3ec2084cdeb,2021-12-06,2021-12-06
855e008d912227c0922f9696b784835788b5034e50f75489d361a71eb729eb87,709091,local-authority-eng:CON,201c08f03d060f21f71bc93e64b7b166a6e2f34ccb772d19fbf2e3ec2084cdeb,2021-09-16,2021-09-16
864fb8ddacedb05fe30b85daef95669b1b0422c67e75569f23acd38e6412734b,833212,local-authority-eng:CON,201c08f03d060f21f71bc93e64b7b166a6e2f34ccb772d19fbf2e3ec2084cdeb,2021-02-11,2021-02-11
87236256bcabc4d2afecf310fc4bf51ab065bdde2fefc6f80b94fca7e76c27af,772405,local-authority-eng:CON,201c08f03d060f21f71bc93e64b7b166a6e2f34ccb772d19fbf2e3ec2084cdeb,2021-02-28,2021-02-28
88480b82514e652f435ecebd3943168330b95370494a57ef0443f835bc7217ab,709091,local-authority-eng:CON,201c08f03d060f21f71bc93e64b7b166a6e2f34ccb772d19fbf2e3ec2084cdeb,2021-11-25,2021-11-25
884fd1327758b77200899070c7910b3fc87c18d78d167f391a90ad8e65ac8df2,709091,local-authority-eng:CON,201c08f03d060f21f71bc93e64b7b166a6e2f34ccb772d19fbf2e3ec2084cdeb,2021-08-04,2021-08-04
889b220b3c7ddbb9e944e4fa7953b628925eb0d7864df85a60a8382edda34813,709091,local-authority-eng:CON,201c08f03d060f21f71bc93e64b7b166a6e2f34ccb772d19fbf2e3ec2084cdeb,2021-09-14,2021-09-14
8b4f86a59edab16ff1df1e7249df13a30ee58243f0a0619f9fe4d36195a498e8,709091,local-authority-eng:CON,201c08f03d060f21f71bc93e64b7b166a6e2f34ccb772d19fbf2e3ec2084cdeb,2021-08-19,2021-08-19
8c05fa422fb442679095aa2480425bd5d23b611c0410cf65b1f4a3baae45fe26,709091,local-authority-eng:CON,201c08f03d060f21f71bc93e64b7b166a6e2f34ccb772d19fbf2e3ec2084cdeb,2021-08-18,2021-08-18
8da3f8b2f5cac689824a9001bfbd64111dfeb7d14af35db36f84534f8228af12,772405,local-authority-eng:CON,201c08f03d060f21f71bc93e64b7b166a6e2f34ccb772d19fbf2e3ec2084cdeb,2021-03-04,2021-03-04
8e8d22d8efb422be276de2c62b073f05316e04d20dde6bdf571cef1e52ac9ef5,709091,local-authority-eng:CON,201c08f03d060f21f71bc93e64b7b166a6e2f34ccb772d19fbf2e3ec2084cdeb,2021-07-23,2021-07-23
8ff295694a0c48addc9bee8b4613c23c6a93de6cc421774735984c26232c1c64,833212,local-authority-eng:CON,201c08f03d060f21f71bc93e64b7b166a6e2f34ccb772d19fbf2e3ec2084cdeb,2021-01-11,2021-01-11
91c7be9eee5303138e3f794d3a3149dfd4f186d46d7eea640c5f38dfe4650b3c,709091,local-authority-eng:CON,201c08f03d060f21f71bc93e64b7b166a6e2f34ccb772d19fbf2e3ec2084cdeb,2021-09-13,2021-09-13
93f968c3712cc5f3dcf84f5bbcb867c62bb74c8d2be07e4c8d968d113697d8b8,709091,local-authority-eng:CON,201c08f03d060f21f71bc93e64b7b166a6e2f34ccb772d19fbf2e3ec2084cdeb,2021-12-17,2021-12-17
93fc3fe75ff908f56cfd77777f01871e115e0e303d2c3565c20ed1818540be82,833212,local-authority-eng:CON,201c08f03d060f21f71bc93e64b7b166a6e2f34ccb772d19fbf2e3ec2084cdeb,2021-02-05,2021-02-05
941f914a19434aac5abeb8a316924b3dac6a5067a4b6e375adac102a7323a8da,772405,local-authority-eng:CON,201c08f03d060f21f71bc93e64b7b166a6e2f34ccb772d19fbf2e3ec2084cdeb,2021-03-29,2021-03-29
945683c7c63259f9cdde71e44ac273001fb4de50612fea35b9988cdd42e5e707,709091,local-authority-eng:CON,201c08f03d060f21f71bc93e64b7b166a6e2f34ccb772d19fbf2e3ec2084cdeb,2021-12-21,2021-12-21
94663ccb2e254c62cf207de4cf579975c8a013f8cbe043e51dab0614513b188f,772405,local-authority-eng:CON,201c08f03d060f21f71bc93e64b7b166a6e2f34ccb772d19fbf2e3ec2084cdeb,2021-03-07,2021-03-07
95ec86843275b56e536ce5e41958203433675c341b2e42d3f951332696138774,709091,local-authority-eng:CON,201c08f03d060f21f71bc93e64b7b166a6e2f34ccb772d19fbf2e3ec2084cdeb,2021-07-27,2021-07-27
96521aca2c74dc42be82d2ad1d980cbbb435dc3a472303d2d8d12bd2972f7ab4,772405,local-authority-eng:CON,201c08f03d060f21f71bc93e64b7b166a6e2f34ccb772d19fbf2e3ec2084cdeb,2021-03-22,2021-03-22
99690bfb7dc837e7d3ee487c67c451a81fb5e286fc785bfe642461a0bd9baff4,709091,local-authority-eng:CON,201c08f03d060f21f71bc93e64b7b166a6e2f34ccb772d19fbf2e3ec2084cdeb,2021-08-02,2021-08-02
99e67a68210e5689f4892be609c3c8de1010573d5a1853756da0b5a25649acfd,772405,local-authority-eng:CON,201c08f03d060f21f71bc93e64b7b166a6e2f34ccb772d19fbf2e3ec2084cdeb,2021-03-28,2021-03-28
9abc8e367cafe3a0bfb2614f7c1335e7bde4f8b0afad099abfe2797240234499,709091,local-authority-eng:CON,201c08f03d060f21f71bc93e64b7b166a6e2f34ccb772d19fbf2e3ec2084cdeb,2021-10-19,2021-10-19
9b25a4770fcfa3f9caac03866aa570525f8d1c406cf9a2301535736e99bf47f1,772405,local-authority-eng:CON,201c08f03d060f21f71bc93e64b7b166a6e2f34ccb772d19fbf2e3ec2084cdeb,2021-05-03,2021-05-03
9b6a34d9b42ffe348a464e246d63b39207f89f02800c040094abda35079698a2,709091,local-authority-eng:CON,201c08f03d060f21f71bc93e64b7b166a6e2f34ccb772d19fbf2e3ec2084cdeb,2021-10-13,2021-10-13
9c7963fc20dbb7b079bc771a6748bb24875a41c67d7d44623a2df8e0a2646ed9,709091,local-authority-eng:CON,201c08f03d060f21f71bc93e64b7b166a6e2f34ccb772d19fbf2e3ec2084cdeb,2021-07-30,2021-07-30
9d44a45e7ded96d41ef42bcad3777e6e766c8e1f3dd33a7dcf1cea63de90c17d,772405,local-authority-eng:CON,201c08f03d060f21f71bc93e64b7b166a6e2f34ccb772d19fbf2e3ec2084cdeb,2021-03-12,2021-03-12
9d5d619385d1bcb7305b0850e2036beb9deb8d5edb48298ed69a0987a28f9d5c,772405,local-authority-eng:CON,201c08f03d060f21f71bc93e64b7b166a6e2f34ccb772d19fbf2e3ec2084cdeb,2021-03-06,2021-03-06
9d7367bc1ef3fd81f53817b247f27d771ff3577a4753755123e0556f53a8d3cc,772405,local-authority-eng:CON,201c08f03d060f21f71bc93e64b7b166a6e2f34ccb772d19fbf2e3ec2084cdeb,2021-02-20,2021-02-20
9e99ca013d4b14317a85426fce04d9fb1cec905b425170f008ea937b377450aa,709091,local-authority-eng:CON,201c08f03d060f21f71bc93e64b7b166a6e2f34ccb772d19fbf2e3ec2084cdeb,2021-12-01,2021-12-01
9f1dca03a625f042d8f9c9c5f8b669fa4bf9aaa16d2e84402f8c5ad01b68b5e0,772405,local-authority-eng:CON,201c08f03d060f21f71bc93e64b7b166a6e2f34ccb772d19fbf2e3ec2084cdeb,2021-04-07,2021-04-07
a2fb8116661a3a11f9610b459bd8f3b5935aac492c3014f18ea8feb9e7e1b9a6,833212,local-authority-eng:CON,201c08f03d060f21f71bc93e64b7b166a6e2f34ccb772d19fbf2e3ec2084cdeb,2020-12-25,2020-12-25
a366c957d06730409ef49f3d102d24f62ce62474e6de59750cc8c83356630fd3,833212,local-authority-eng:CON,201c08f03d060f21f71bc93e64b7b166a6e2f34ccb772d19fbf2e3ec2084cdeb,2021-02-02,2021-02-02
a37ab4ed7359cf800462c704b4368b496e985cefd02184d4328ed8b389acd5da,772405,local-authority-eng:CON,201c08f03d060f21f71bc93e64b7b166a6e2f34ccb772d19fbf2e3ec2084cdeb,2021-04-19,2021-04-19
a3a0864059a178feab55f4486aacb28dd4db62dc50c3d37b7f8f06f4423bf444,709091,local-authority-eng:CON,201c08f03d060f21f71bc93e64b7b166a6e2f34ccb772d19fbf2e3ec2084cdeb,2021-10-04,2021-10-04
a6a61f959000351fc5b3eea1719d34c32e5808ebc73b66febba22d57a253fa98,709091,local-authority-eng:CON,201c08f03d060f21f71bc93e64b7b166a6e2f34ccb772d19fbf2e3ec2084cdeb,2021-07-31,2021-07-31
a7e16c9d9cbfda5445b53769bbfe877dd584c314c57ad46891e4326a1675cfbd,709091,local-authority-eng:CON,201c08f03d060f21f71bc93e64b7b166a6e2f34ccb772d19fbf2e3ec2084cdeb,2021-08-13,2021-08-13
a84b1693fc4fd7a1c20232ac454123594ff717416e5d30f33f2886c3f08ef9b2,709091,local-authority-eng:CON,201c08f03d060f21f71bc93e64b7b166a6e2f34ccb772d19fbf2e3ec2084cdeb,2021-08-17,2021-08-17
a9208eb33d3cf29c4692692056dbc00e59038391722771383ae8e2874e6e9b8f,871103,local-authority-eng:CON,201c08f03d060f21f71bc93e64b7b166a6e2f34ccb772d19fbf2e3ec2084cdeb,2022-01-04,2022-01-04
a95e4c956515fc41ac242707ec5966cc9273c2f8e264ae4c30840f26a24881bc,709091,local-authority-eng:CON,201c08f03d060f21f71bc93e64b7b166a6e2f34ccb772d19fbf2e3ec2084cdeb,2021-11-30,2021-11-30
aa41ffae573dd1ca84727ce3e5a572a9c136e3c0bf5e3ad615b24dd3685dbf32,709091,local-authority-eng:CON,201c08f03d060f21f71bc93e64b7b166a6e2f34ccb772d19fbf2e3ec2084cdeb,2021-08-09,2021-08-09
ab8d786e640670fb7a9eb54f090a7df96e0554358a9c16541cd75df8c3a9825c,833212,local-authority-eng:CON,201c08f03d060f21f71bc93e64b7b166a6e2f34ccb772d19fbf2e3ec2084cdeb,2021-01-27,2021-01-27
abc75bf954f14e591dbefab8910c3b515c467b099f3c00d70121d3594672822d,709091,local-authority-eng:CON,201c08f03d060f21f71bc93e64b7b166a6e2f34ccb772d19fbf2e3ec2084cdeb,2021-09-17,2021-09-17
abd13166451dfaec1e16c5f8d7bc191f03d2ab9a397c12e4ef0f0c9af1c9bd0a,772405,local-authority-eng:CON,201c08f03d060f21f71bc93e64b7b166a6e2f34ccb772d19fbf2e3ec2084cdeb,2021-03-11,2021-03-11
acaa739c6e66f09ba37ce8e7a0d6b51c14a4292f13623382e42928b4e058e0ee,772405,local-authority-eng:CON,201c08f03d060f21f71bc93e64b7b166a6e2f34ccb772d19fbf2e3ec2084cdeb,2021-03-03,2021-03-03
ae4578a99de7c9fcb9204dd9664c6d1aa5e4aa63c95f8ae17c58e77f0da6c751,772405,local-authority-eng:CON,201c08f03d060f21f71bc93e64b7b166a6e2f34ccb772d19fbf2e3ec2084cdeb,2021-02-27,2021-02-27
ae4692c831123029c828f46750f3d5f2a67272fa6be3d39117ad489831ade448,709091,local-authority-eng:CON,201c08f03d060f21f71bc93e64b7b166a6e2f34ccb772d19fbf2e3ec2084cdeb,2021-09-27,2021-09-27
aec402e42f6dbaa5b49f3f4cc9c2f27e955d99dce9cf62b4fdf25bdf6f77efcf,833212,local-authority-eng:CON,201c08f03d060f21f71bc93e64b7b166a6e2f34ccb772d19fbf2e3ec2084cdeb,2021-01-16,2021-01-16
afe2c82c0a7bf956b89c0f8e526851f49863b4c7457cc94a3315d25694e674a0,709091,local-authority-eng:CON,201c08f03d060f21f71bc93e64b7b166a6e2f34ccb772d19fbf2e3ec2084cdeb,2021-10-28,2021-10-28
b0b546f4163adc59efb00421efb3e6f04b0ebb8789b9f0f8bae165da99fca1be,709091,local-authority-eng:CON,201c08f03d060f21f71bc93e64b7b166a6e2f34ccb772d19fbf2e3ec2084cdeb,2021-08-06,2021-08-06
b45007a3a98740eafddd5f591b1463ef1e820a69a3c4cd1a486ef39b0955d870,709091,local-authority-eng:CON,201c08f03d060f21f71bc93e64b7b166a6e2f34ccb772d19fbf2e3ec2084cdeb,2021-08-03,2021-08-03
b547bec7e01539dbd81faed39a0be147a2a64fe0e8552e68d13a7768e6b8e067,709091,local-authority-eng:CON,201c08f03d060f21f71bc93e64b7b166a6e2f34ccb772d19fbf2e3ec2084cdeb,2021-11-26,2021-11-26
b76ea8b62a4fb417f105581b371bf71bdcc6b7a6e873891c03a3c1455e5f838d,709091,local-authority-eng:CON,201c08f03d060f21f71bc93e64b7b166a6e2f34ccb772d19fbf2e3ec2084cdeb,2021-09-04,2021-09-04
b80fce655687120240c202c976a73b8e0c0aa9c57275ff9f47a07244ff8dba55,772405,local-authority-eng:CON,201c08f03d060f21f71bc93e64b7b166a6e2f34ccb772d19fbf2e3ec2084cdeb,2021-04-26,2021-04-26
b97e7b005f39757c1dc0b1e2320308ffd3187bc48a348d4c974ba633008f1358,772405,local-authority-eng:CON,201c08f03d060f21f71bc93e64b7b166a6e2f34ccb772d19fbf2e3ec2084cdeb,2021-04-20,2021-04-20
ba058b21fe072b9f03eb0591767a1b3d1b94102452ecd18fcd323c88e80d8b87,833212,local-authority-eng:CON,201c08f03d060f21f71bc93e64b7b166a6e2f34ccb772d19fbf2e3ec2084cdeb,2021-01-29,2021-01-29
bcb52da5f5469f8d3e33659e947c0bce9e78b2e89e060dc3bd93a06bfca1c4b3,709091,local-authority-eng:CON,201c08f03d060f21f71bc93e64b7b166a6e2f34ccb772d19fbf2e3ec2084cdeb,2021-09-24,2021-09-24
bd842eeae271085bd8b7187152477abe24b8a6bd96f9891098ab9f4dfaa0338b,833212,local-authority-eng:CON,201c08f03d060f21f71bc93e64b7b166a6e2f34ccb772d19fbf2e3ec2084cdeb,2021-01-31,2021-01-31
bdc89baaa4f419882e0b6964ad151319b640de51af75cd33444180a4606d521c,709091,local-authority-eng:CON,201c08f03d060f21f71bc93e64b7b166a6e2f34ccb772d19fbf2e3ec2084cdeb,2021-09-11,2021-09-11
be079d3f0849ac4501f6e26d6277bdb585c49cfe1a0a54f0ca8f48d197f9d859,772405,local-authority-eng:CON,201c08f03d060f21f71bc93e64b7b166a6e2f34ccb772d19fbf2e3ec2084cdeb,2021-04-30,2021-04-30
be85e82ce97d11a0b6a9e4a821a4379f995b16b8deb19b08e8553262fead5d02,709091,local-authority-eng:CON,201c08f03d060f21f71bc93e64b7b166a6e2f34ccb772d19fbf2e3ec2084cdeb,2021-10-21,2021-10-21
bfdff4ded146c4d027dbfc9a59e738aeb6761c7286f21e2cf3cbcf7230866642,709091,local-authority-eng:CON,201c08f03d060f21f71bc93e64b7b166a6e2f34ccb772d19fbf2e3ec2084cdeb,2021-12-22,2021-12-22
c167a356b7613f00c18a04fd7323108d3144899064d35667c0d2641d92548a72,833212,local-authority-eng:CON,201c08f03d060f21f71bc93e64b7b166a6e2f34ccb772d19fbf2e3ec2084cdeb,2021-01-19,2021-01-19
c19e09c5abd56df298cc65b7ef5f1c1868a0e98aabc77ddfff578540489eef80,709091,local-authority-eng:CON,201c08f03d060f21f71bc93e64b7b166a6e2f34ccb772d19fbf2e3ec2084cdeb,2021-12-07,2021-12-07
c1b2394a5c053d962a79ab7ca6b411c1aeb9496b702fe7776056a948665ee509,772405,local-authority-eng:CON,201c08f03d060f21f71bc93e64b7b166a6e2f34ccb772d19fbf2e3ec2084cdeb,2021-02-21,2021-02-21
c2ec81f02a7b82071a482e1f0e02205b5c030dfe600ab5402ff5454dcd0a4b3c,709091,local-authority-eng:CON,201c08f03d060f21f71bc93e64b7b166a6e2f34ccb772d19fbf2e3ec2084cdeb,2021-10-23,2021-10-23
c3d7c9bef302520fc5adbbf9e3bf2d8f3f166e113b2dfe08354dd7d247fae68c,25342,local-authority-eng:ROH,20c877c9ce9fbc8d81db2a840d2950b675fc04ca54095b38a273531b91626c28,2021-01-04,
c426982a93d87539353404ac7c15e0f87df52c2f02072cc4b2897f32d32eeb7a,833212,local-authority-eng:CON,201c08f03d060f21f71bc93e64b7b166a6e2f34ccb772d19fbf2e3ec2084cdeb,2021-02-06,2021-02-06
c4360c6acbc0817f74997439922f50a6e1769a1dffd9f118aeb0dc1387b102b2,772405,local-authority-eng:CON,201c08f03d060f21f71bc93e64b7b166a6e2f34ccb772d19fbf2e3ec2084cdeb,2021-03-19,2021-03-19
c4ef086494edea44bdaf35d83691662fdb20f1cb78cecaac79122364bf517b0e,709091,local-authority-eng:CON,201c08f03d060f21f71bc93e64b7b166a6e2f34ccb772d19fbf2e3ec2084cdeb,2021-11-28,2021-11-28
c5ef290f8738c85605881916ac6131afde8e5d83cc0aedbde881f649e96f6fff,871103,local-authority-eng:CON,201c08f03d060f21f71bc93e64b7b166a6e2f34ccb772d19fbf2e3ec2084cdeb,2021-12-23,2021-12-23
c7e68949e6f64289b437f274be0f83f7a99ff54ac84e0cab8d653de733dc67ef,833212,local-authority-eng:CON,201c08f03d060f21f71bc93e64b7b166a6e2f34ccb772d19fbf2e3ec2084cdeb,2021-02-09,2021-02-09
c8862a8026efd44819594bbeef598622e7e08fe6889ce201df56fff9007d87b8,772405,local-authority-eng:CON,201c08f03d060f21f71bc93e64b7b166a6e2f34ccb772d19fbf2e3ec2084cdeb,2021-03-02,2021-03-02
c9141a3eaf31b383d1ad286c94b62b6084595d897b3edc7386d08758991a296d,772405,local-authority-eng:CON,201c08f03d060f21f71bc93e64b7b166a6e2f34ccb772d19fbf2e3ec2084cdeb,2021-03-13,2021-03-13
ca3a7950e9df64fc874a0846cef50f8ff7d0a756c1b26aabf7ab40e9551eca5d,709091,local-authority-eng:CON,201c08f03d060f21f71bc93e64b7b166a6e2f34ccb772d19fbf2e3ec2084cdeb,2021-10-07,2021-10-07
cb51bd9ac5816f73d033d1c48a44bf00ac5e1a07ce477b83645a3a3de9b6e1ee,772405,local-authority-eng:CON,201c08f03d060f21f71bc93e64b7b166a6e2f34ccb772d19fbf2e3ec2084cdeb,2021-02-26,2021-02-26
ccfaa03916631cc3848d830c78ce27e94fccd4c710f97ee49492b5301a3510fa,709091,local-authority-eng:CON,201c08f03d060f21f71bc93e64b7b166a6e2f34ccb772d19fbf2e3ec2084cdeb,2021-09-23,2021-09-23
cddd1ebfcbd975d8c68576ce1c25014fbb21f3b7afdc7eef92b845c893b8e29a,871103,local-authority-eng:CON,201c08f03d060f21f71bc93e64b7b166a6e2f34ccb772d19fbf2e3ec2084cdeb,2021-12-25,2021-12-25
ce1d021e1b5980d68a21a8085624f3c16b9daff4e9ec3e27ebf54fffbfec97ad,833212,local-authority-eng:CON,201c08f03d060f21f71bc93e64b7b166a6e2f34ccb772d19fbf2e3ec2084cdeb,2021-02-14,2021-02-14
cf706e2081f2d9534c0cf9573e850f993ea17ebb9e079b6ccf97d75ec7508a82,772405,local-authority-eng:CON,201c08f03d060f21f71bc93e64b7b166a6e2f34ccb772d19fbf2e3ec2084cdeb,2021-03-16,2021-03-16
cfceaf2234694defd08d035bdb70285e309db08d56bbee780e84eaec4548c4e3,772405,local-authority-eng:CON,201c08f03d060f21f71bc93e64b7b166a6e2f34ccb772d19fbf2e3ec2084cdeb,2021-03-30,2021-03-30
cfeae0d2da0a4323f196b0a796131415338c58b9e1fbc75b5b7122307edfc9b0,709091,local-authority-eng:CON,201c08f03d060f21f71bc93e64b7b166a6e2f34ccb772d19fbf2e3ec2084cdeb,2021-11-04,2021-11-04
d0ec478e0c811ef503fec73187b6f832460e057500cfde59e84404cc85463c25,833212,local-authority-eng:CON,201c08f03d060f21f71bc93e64b7b166a6e2f34ccb772d19fbf2e3ec2084cdeb,2021-01-15,2021-01-15
d14d33ad98ceb73c71eebec46761b84b255ebae6aabde32c536440053c5ab2a0,709091,local-authority-eng:CON,201c08f03d060f21f71bc93e64b7b166a6e2f34ccb772d19fbf2e3ec2084cdeb,2021-10-30,2021-10-30
d1f742c5e59aa97bbb12c0a543dd1195e8f6606f883786caf63fdae09f7f9856,833212,local-authority-eng:CON,201c08f03d060f21f71bc93e64b7b166a6e2f34ccb772d19fbf2e3ec2084cdeb,2021-02-01,2021-02-01
d3dce059b847bd628b2a9340b9ab3d471022bb22b9ab654eba418d8c922004f5,772405,local-authority-eng:CON,201c08f03d060f21f71bc93e64b7b166a6e2f34ccb772d19fbf2e3ec2084cdeb,2021-05-05,2021-05-05
d5568cac371393d687e3406549e75523bf1472b26b244104970029560b574610,833212,local-authority-eng:CON,201c08f03d060f21f71bc93e64b7b166a6e2f34ccb772d19fbf2e3ec2084cdeb,2020-12-26,2020-12-26
d68d2ca3b9316e8a5a9638802a7f394a07b01a9854e6f5db41f50286ba6f91b0,772405,local-authority-eng:CON,201c08f03d060f21f71bc93e64b7b166a6e2f34ccb772d19fbf2e3ec2084cdeb,2021-04-23,2021-04-23
d74b657b4739b21de4200855890acd6db274e3bc59db5fe3bafcb47cbae98b4e,709091,local-authority-eng:CON,201c08f03d060f21f71bc93e64b7b166a6e2f34ccb772d19fbf2e3ec2084cdeb,2021-09-20,2021-09-20
d7b865d4c491ab871727977d45512425cbc4de7240b8aae2a738b34c124c897b,871103,local-authority-eng:CON,201c08f03d060f21f71bc93e64b7b166a6e2f34ccb772d19fbf2e3ec2084cdeb,2022-01-05,2022-01-05
d8cdedadd5ee9bc528b6537749a09877136d43889ca99e78c6a042dc87d54b38,833212,local-authority-eng:CON,201c08f03d060f21f71bc93e64b7b166a6e2f34ccb772d19fbf2e3ec2084cdeb,2021-01-05,2021-01-05
d8d50da1ecde1b9aca7b924f67ed397051af4383be7f4af36712122febadaaf5,833212,local-authority-eng:CON,201c08f03d060f21f71bc93e64b7b166a6e2f34ccb772d19fbf2e3ec2084cdeb,2021-02-10,2021-02-10
d8db8d60c779d69e1160599e2dd01c0abb7b1525f43e188d8c343fe93c89987c,772405,local-authority-eng:CON,201c08f03d060f21f71bc93e64b7b166a6e2f34ccb772d19fbf2e3ec2084cdeb,2021-03-10,2021-03-10
d8e93bd4b6d2ea3654a9405fc8bf825cfdeea7ca4086159e161ceb8bbc38c103,833212,local-authority-eng:CON,201c08f03d060f21f71bc93e64b7b166a6e2f34ccb772d19fbf2e3ec2084cdeb,2021-02-07,2021-02-07
dc844cf071bdbe406252274297cbcdddf52e29db93d95926ee9c9abb5eb4b936,709091,local-authority-eng:CON,201c08f03d060f21f71bc93e64b7b166a6e2f34ccb772d19fbf2e3ec2084cdeb,2021-11-03,2021-11-03
dd626f4b77b5a7d3475d2c1ddb5ebf4ec9be56cf720743f3d095f91de760fd7d,833212,local-authority-eng:CON,201c08f03d060f21f71bc93e64b7b166a6e2f34ccb772d19fbf2e3ec2084cdeb,2020-12-30,2020-12-30
dd7a79a619d7ea32689a742f47a0a57e24884cf1a5ae03005d501081c9fd6232,709091,local-authority-eng:CON,201c08f03d060f21f71bc93e64b7b166a6e2f34ccb772d19fbf2e3ec2084cdeb,2021-12-11,2021-12-11
dda8b67bc3ea8e827aa5ec766d088576ea8e1e7653efd4e054c02c354efad90b,772405,local-authority-eng:CON,201c08f03d060f21f71bc93e64b7b166a6e2f34ccb772d19fbf2e3ec2084cdeb,2021-02-25,2021-02-25
def1f38d9b07208abe6919267b3b3a2e499e5058cca01c64aa521ee35527cfae,709091,local-authority-eng:CON,201c08f03d060f21f71bc93e64b7b166a6e2f34ccb772d19fbf2e3ec2084cdeb,2021-09-10,2021-09-10
df9460770b7630a9b5a70dc601d1a297d3edf7cf209e7457bc69d74b3479f1e6,709091,local-authority-eng:CON,201c08f03d060f21f71bc93e64b7b166a6e2f34ccb772d19fbf2e3ec2084cdeb,2021-10-11,2021-10-11
e0e677513b57e1a5bf2cf9f656843222f31b99e9bb1d9e660bccb41d37d321d2,833212,local-authority-eng:CON,201c08f03d060f21f71bc93e64b7b166a6e2f34ccb772d19fbf2e3ec2084cdeb,2020-12-23,2020-12-23
e0f2319b4b64a0fbf3dd7869d359bd766c93d6d9461f8ea1eba9ede3be082e9d,871103,local-authority-eng:CON,201c08f03d060f21f71bc93e64b7b166a6e2f34ccb772d19fbf2e3ec2084cdeb,2022-01-08,2022-01-08
e2000c9aaf55920b79096a00fe049488d77bc4d4f73e0ebe616c6910a9cd4bf9,709091,local-authority-eng:CON,201c08f03d060f21f71bc93e64b7b166a6e2f34ccb772d19fbf2e3ec2084cdeb,2021-07-21,2021-07-21
e24a33ec3c2d8d458e07268533fb4b155844ee3404bc3ebad2a7c8115723ed11,709091,local-authority-eng:CON,201c08f03d060f21f71bc93e64b7b166a6e2f34ccb772d19fbf2e3ec2084cdeb,2021-08-25,2021-08-25
e3864afbcff1f27d1d6e04f0d9fb838c07ae6a226bed3d67f604b1aacf0a0e6a,772405,local-authority-eng:CON,201c08f03d060f21f71bc93e64b7b166a6e2f34ccb772d19fbf2e3ec2084cdeb,2021-04-16,2021-04-16
e41b2bb340e47f9354f2d3f53a03be45b6e919c6387360f9976494659a149279,709091,local-authority-eng:CON,201c08f03d060f21f71bc93e64b7b166a6e2f34ccb772d19fbf2e3ec2084cdeb,2021-09-29,2021-09-29
e4970e7951abb80c4756024cb1e984a63ad14ece6baaafa24cf7bb27da5439f2,772405,local-authority-eng:CON,201c08f03d060f21f71bc93e64b7b166a6e2f34ccb772d19fbf2e3ec2084cdeb,2021-02-18,2021-02-18
e576edb46a7ccbb315fd59f2c2f5d3599e86b6ddca338454b320652229b574f9,833212,local-authority-eng:CON,201c08f03d060f21f71bc93e64b7b166a6e2f34ccb772d19fbf2e3ec2084cdeb,2021-01-04,2021-01-04
e6d6f96371979e34ab8099427452d0cefd9caedacf68e59f6988fa989d676289,833212,local-authority-eng:CON,201c08f03d060f21f71bc93e64b7b166a6e2f34ccb772d19fbf2e3ec2084cdeb,2021-02-13,2021-02-13
e82f93cae7486b22b2bd70fac4619c1eec8fabccec31453aada3d13eb17adaaa,709091,local-authority-eng:CON,201c08f03d060f21f71bc93e64b7b166a6e2f34ccb772d19fbf2e3ec2084cdeb,2021-08-23,2021-08-23
e8c47ac6dde7c3489e5492e54d977f686e68aa1ca98b142c0a59421381c196e7,871103,local-authority-eng:CON,201c08f03d060f21f71bc93e64b7b166a6e2f34ccb772d19fbf2e3ec2084cdeb,2021-12-30,2021-12-30
e915444354b3394eda6df99364cc228ce8ee406fbdef25efc7b26dfca3e5f2a2,709091,local-authority-eng:CON,201c08f03d060f21f71bc93e64b7b166a6e2f34ccb772d19fbf2e3ec2084cdeb,2021-08-07,2021-08-07
e9eebbcf5cf941bc03c9c025370a8490c64fa65f433b11ed0825804432102363,772405,local-authority-eng:CON,201c08f03d060f21f71bc93e64b7b166a6e2f34ccb772d19fbf2e3ec2084cdeb,2021-04-24,2021-04-24
ea00e2fa1233991a9fe8c6430b4619121b3d5add12b75efec65aa970dc2067ac,772405,local-authority-eng:CON,201c08f03d060f21f71bc93e64b7b166a6e2f34ccb772d19fbf2e3ec2084cdeb,2021-04-06,2021-04-06
eee1b9d089828aef7c33e0a2a3c0b1fde537ca2b9c4a852568ef3bd1b805d64a,709091,local-authority-eng:CON,201c08f03d060f21f71bc93e64b7b166a6e2f34ccb772d19fbf2e3ec2084cdeb,2021-10-25,2021-10-25
ef1dac5a75eb2c9b41ec549c60891fa82bc727854128e190cedd05e2bce1b831,709091,local-authority-eng:CON,201c08f03d060f21f71bc93e64b7b166a6e2f34ccb772d19fbf2e3ec2084cdeb,2021-10-20,2021-10-20
efc4f3a293491330902a76428170583b76f97efd790bbb74c4a5f5a330a6c7ba,833212,local-authority-eng:CON,201c08f03d060f21f71bc93e64b7b166a6e2f34ccb772d19fbf2e3ec2084cdeb,2020-12-31,2020-12-31
f00417cb3119e19b932d064d6354e031ece2da5053f0537811c0bf13eb5dec67,871103,local-authority-eng:CON,201c08f03d060f21f71bc93e64b7b166a6e2f34ccb772d19fbf2e3ec2084cdeb,2021-12-27,2021-12-27
f198ca0689f01c38b687ec215b2b53490a9e0e16cc14575b1d85dd471f9bd716,709091,local-authority-eng:CON,201c08f03d060f21f71bc93e64b7b166a6e2f34ccb772d19fbf2e3ec2084cdeb,2021-11-01,2021-11-01
f1c31853821a220b99f8eefd8d57d61c4e295825c6f96eef46271cecf30ccee7,772405,local-authority-eng:CON,201c08f03d060f21f71bc93e64b7b166a6e2f34ccb772d19fbf2e3ec2084cdeb,2021-03-27,2021-03-27
f1fa5ee3a2bfe1b2f44b88a798248ce02ff810bb1165bfaa65dbc4acf7f3d610,772405,local-authority-eng:CON,201c08f03d060f21f71bc93e64b7b166a6e2f34ccb772d19fbf2e3ec2084cdeb,2021-04-09,2021-04-09
f25b8d1123e081959e5039d9ad125f4aecec2fc386b7ef7b4e33a5334637bbc1,709091,local-authority-eng:CON,201c08f03d060f21f71bc93e64b7b166a6e2f34ccb772d19fbf2e3ec2084cdeb,2021-07-29,2021-07-29
f27a6275feedd6cf9bd64458d3a20a4962c0ece3e3fe92962daca051bbc534b7,709091,local-authority-eng:CON,201c08f03d060f21f71bc93e64b7b166a6e2f34ccb772d19fbf2e3ec2084cdeb,2021-08-10,2021-08-10
f339fc6828c24255742c53e278d5435212811065935648bfa9bbac34fbbcb40a,709091,local-authority-eng:CON,201c08f03d060f21f71bc93e64b7b166a6e2f34ccb772d19fbf2e3ec2084cdeb,2021-08-14,2021-08-14
f35c5435216dd4ca71dcd0dc77e27a25ab5789240443d5428313aaac00ee3f5a,772405,local-authority-eng:CON,201c08f03d060f21f71bc93e64b7b166a6e2f34ccb772d19fbf2e3ec2084cdeb,2021-04-11,2021-04-11
f38b0bba486609af0223315179b3435be80f260680709fa2a399a29a7e02ec2f,772405,local-authority-eng:CON,201c08f03d060f21f71bc93e64b7b166a6e2f34ccb772d19fbf2e3ec2084cdeb,2021-02-19,2021-02-19
f53a9032199e1ea23d5690241db64779b200072e361af31cecd7722bb37dd3af,709091,local-authority-eng:CON,201c08f03d060f21f71bc93e64b7b166a6e2f34ccb772d19fbf2e3ec2084cdeb,2021-10-31,2021-10-31
f553367f8e9a141a21c07d14013e86e6eff54f223f7f5d5be807f0c2aa1196ad,709091,local-authority-eng:CON,201c08f03d060f21f71bc93e64b7b166a6e2f34ccb772d19fbf2e3ec2084cdeb,2021-09-21,2021-09-21
f68c4c862fa3e2c50c81f6bd118ba45d9a3f4909be255ff4e362d2f5cd9c12a7,709091,local-authority-eng:CON,201c08f03d060f21f71bc93e64b7b166a6e2f34ccb772d19fbf2e3ec2084cdeb,2021-08-05,2021-08-05
f737f40d41dd07c680dd8c15816394374c3fa3591219bdb29a0613444c9cad03,833212,local-authority-eng:CON,201c08f03d060f21f71bc93e64b7b166a6e2f34ccb772d19fbf2e3ec2084cdeb,2021-02-15,2021-02-15
f744b62c0ea218108fa740c17e5c498ffee027f7f76aa86908ead48863eee276,772405,local-authority-eng:CON,201c08f03d060f21f71bc93e64b7b166a6e2f34ccb772d19fbf2e3ec2084cdeb,2021-04-21,2021-04-21
f903d475ced2015d2476fd3665121055aa796c548d95113505e5fdf2bda39138,772405,local-authority-eng:CON,201c08f03d060f21f71bc93e64b7b166a6e2f34ccb772d19fbf2e3ec2084cdeb,2021-05-02,2021-05-02
fade81b6a3e869932185182df4a92d15ffcf9d258ec3ec63692b37445eb2c85b,833212,local-authority-eng:CON,201c08f03d060f21f71bc93e64b7b166a6e2f34ccb772d19fbf2e3ec2084cdeb,2021-01-03,2021-01-03
fb2be54b3b5666e6ae60195fc6c454cf5c5d38a39fbe36330c5d3a37f5e48a1c,772405,local-authority-eng:CON,201c08f03d060f21f71bc93e64b7b166a6e2f34ccb772d19fbf2e3ec2084cdeb,2021-04-01,2021-04-01
fb805b660865c389569dbfcd7a4d1e83882751da6fad397b0a12555757555e97,833212,local-authority-eng:CON,201c08f03d060f21f71bc93e64b7b166a6e2f34ccb772d19fbf2e3ec2084cdeb,2021-01-09,2021-01-09
fd0bc97845ef0f59aa26746fa261196066f915a1578262c145c77a93f927559e,772405,local-authority-eng:CON,201c08f03d060f21f71bc93e64b7b166a6e2f34ccb772d19fbf2e3ec2084cdeb,2021-03-01,2021-03-01
ff4a3a3d3410a5bea3b8c7e3ecd247ec145bf739109df5aaa7cb0caad5925967,833212,local-authority-eng:CON,201c08f03d060f21f71bc93e64b7b166a6e2f34ccb772d19fbf2e3ec2084cdeb,2020-12-24,2020-12-24
fff710346949f61bc2dec5bf4d250d1d36ef97a17f1b3765c9d08bbfe87df882,772405,local-authority-eng:CON,201c08f03d060f21f71bc93e64b7b166a6e2f34ccb772d19fbf2e3ec2084cdeb,2021-03-17,2021-03-17
fffea1a8a2a64ca568b8f74cccee47386a9fe19c266f5516f9bb640b373f0764,772405,local-authority-eng:CON,201c08f03d060f21f71bc93e64b7b166a6e2f34ccb772d19fbf2e3ec2084cdeb,2021-03-05,2021-03-05
